machine_category,category_data_note,name,abrasive_flow_rate_kg_min,annual_maintenance_factor_pct,avg_utilization,bed_height_mm,bed_length_mm,bed_width_mm,bend_cycle_time_s,const_coeff_cycle_time,const_coeff_handling_time,csink_tool_avg_cost_usd,cut_speed_s,data_source,de_nesting_method,description,direct_overhead_rate_usd_hr,footprint_allowance_factor,form_tool_avg_cost_usd,good_part_yield,indirect_overhead_rate_usd_hr,installation_factor_pct,is_preferred,labor_rate_usd_hr,labor_time_standard,machine_length_mm,machine_life_yr,machine_manufacturer_location,machine_power_kw,machine_price_usd,machine_uptime_pct,machine_width_mm,mass_coeff_cycle_time,mass_coeff_handling_time_s_kg,max_bend_length_mm,max_form_depth_mm,max_multi_pass_thickness_mm,max_part_length_mm,max_part_width_mm,max_punch_size_mm,max_radius_to_thickness_ratio,max_rpm_rev_min,max_sheet_length_mm,max_sheet_width_mm,max_single_pass_thickness_mm,max_thickness_1_mm,max_thickness_2_mm,max_thickness_3_mm,max_thickness_4_mm,max_thickness_5_mm,max_thickness_aluminum_mm,max_thickness_brass_mm,max_thickness_copper_mm,max_thickness_stainless_steel_mm,max_thickness_steel_mm,max_tool_overlap_mm,min_multi_pass_diameter_mm,min_single_pass_diameter_mm,mixing_tube_diameter_mm,nibble_rate_cycles_min,nibble_tool_diameter_mm,nibble_tool_overlap_mm,nominal_sheet_size_length_mm,nominal_sheet_size_width_mm,note,nozzle_delay_s,number_of_heads,number_of_nozzles,number_of_operators,number_of_tool_stations,optimization_factor,orifice_diameter_mm,overhead_multiplier,paired_form_threshold_mm,perf_tool_avg_cost_usd,perforation_proximity_threshold_mm,perimeter_allowance_s_per_mm,pitch_margin_mm,power_watts,prebend_time_s,press_cycle_time_s,press_force_kn,press_table_length_mm,press_table_width_mm,pressure_n_mm2,punch_rate_cycles_min,rapid_traverse_rate_mm_min,reference_yield_strength_mpa,roll_width_mm,roll_working_length_mm,rolling_speed_mm_s,salvage_value_factor_pct,scrap_cuts_per_sheet,setup_time_hr,sheet_length_mm,sheet_length_trim_strip_mm,sheet_width_mm,sheet_width_trim_strip_mm,shut_height_mm,shuttle_time_s,side_margin_mm,small_feature_feed_radius_mm,small_feature_thickness_ratio,special_hole_tool_avg_cost_usd,special_tool_setup_hr,steel_thickness_mm,straight_length_1_mm,straight_length_2_mm,straight_length_3_mm,straight_length_4_mm,straight_length_5_mm,strokes_per_min,supplies_cost_usd_yr,tool_change_time_s,top_roll_diameter_mm,trim_strip_width_mm,wage_grade_name,weight_kg,work_center_labor_rate_factor
2-Axis Router,,"2 Axis Router - 18,000 RPM",,0.05,0.5,127.0,2438.4,1219.2,,,,,,the system Baseline,,2-Axis Router Machine,6.35,1.0,,1.0,14.6,0.2,TRUE,36.3,1.63,3020.0,10.0,Virtual,22.0,50000.0,0.8,2970.0,,,,,,,,,,18000.0,,,,,,,,,,,,,,,,,,,,,,,,,1.0,,1.0,,,,0.0,,,,,,,,,,,,,,15000.0,,,,,0.0,3.0,0.5,,,,,,18.0,,,,,,,,,,,,,0.0,,,,,,1.0
2-Axis Router,,"2 Axis Router - 20,000 RPM",,0.05,0.5,177.0,3073.0,2032.0,,,,,,the system Baseline,,2-Axis Router Machine,6.66,1.0,,1.0,14.65,0.2,TRUE,36.3,1.63,4508.0,10.0,Virtual,14.0,75445.0,0.8,2108.0,,,,,,,,,,20000.0,,,,,,,,,,,,,,,,,,,,,,,,,1.0,,1.0,,,,0.0,,,,,,,,,,,,,,48260.0,,,,,0.0,3.0,0.5,,,,,,18.0,,,,,,,,,,,,,0.0,,,,,,1.0
2-Axis Router,,"2 Axis Router - 24,000 RPM",,0.05,0.5,350.0,7700.0,1600.0,,,,,,the system Baseline,,2-Axis Router Machine,15.23,1.0,,1.0,16.99,0.2,TRUE,36.3,1.63,9840.0,10.0,Virtual,13.5,217886.0,0.8,3750.0,,,,,,,,,,24000.0,,,,,,,,,,,,,,,,,,,,,,,,,1.0,,1.0,,,,0.0,,,,,,,,,,,,,,141000.0,,,,,0.0,3.0,0.5,,,,,,18.0,,,,,,,,,,,,,0.0,,,,,,1.0
2-Axis Router,,Multicam 103,,0.05,0.5,127.0,2438.4,1219.2,,,,,,the system Baseline,,2-Axis Router Machine,5.42,1.0,,1.0,14.51,0.2,FALSE,36.3,1.63,3835.0,10.0,USA,9.9,64776.0,0.8,2057.0,,,,,,,,,,20000.0,,,,,,,,,,,,,,,,,,,,,,,,,1.0,,1.0,,,,0.0,,,,,,,,,,,,,,48250.0,,,,,0.0,3.0,0.5,,,,,,18.0,,,,,,,,,,,,,0.0,,,,,,1.0
2-Axis Router,,Multicam 204,,0.05,0.5,127.0,3048.0,1524.0,,,,,,the system Baseline,,2-Axis Router Machine,5.93,1.0,,1.0,14.74,0.2,FALSE,36.3,1.63,4508.0,10.0,USA,11.18,69995.0,0.8,2362.0,,,,,,,,,,20000.0,,,,,,,,,,,,,,,,,,,,,,,,,1.0,,1.0,,,,0.0,,,,,,,,,,,,,,48250.0,,,,,0.0,3.0,0.5,,,,,,18.0,,,,,,,,,,,,,0.0,,,,,,1.0
2-Axis Router,,Multicam 304,,0.05,0.5,127.0,3073.0,2032.0,,,,,,the system Baseline,,2-Axis Router Machine,6.66,1.0,,1.0,14.65,0.2,FALSE,36.3,1.63,4508.0,10.0,USA,14.0,75445.0,0.8,2108.0,,,,,,,,,,20000.0,,,,,,,,,,,,,,,,,,,,,,,,,1.0,,1.0,,,,0.0,,,,,,,,,,,,,,48250.0,,,,,0.0,3.0,0.5,,,,,,18.0,,,,,,,,,,,,,0.0,,,,,,1.0
2-Axis Router,,Stratos Pro,,0.05,0.5,350.0,3700.0,1600.0,,,,,,the system Baseline,,2-Axis Router Machine,11.42,1.0,,1.0,15.96,0.2,FALSE,36.3,1.63,7000.0,10.0,USA,13.5,155000.0,0.8,3550.0,,,,,,,,,,24000.0,,,,,,,,,,,,,,,,,,,,,,,,,1.0,,1.0,,,,0.0,,,,,,,,,,,,,,141000.0,,,,,0.0,3.0,0.5,,,,,,18.0,,,,,,,,,,,,,0.0,,,,,,1.0
2-Axis Router,,Stratos Pro 24,,0.05,0.5,350.0,7700.0,1600.0,,,,,,the system Baseline,,2-Axis Router Machine,15.23,1.0,,1.0,16.99,0.2,FALSE,36.3,1.63,9840.0,10.0,USA,13.5,217886.0,0.8,3750.0,,,,,,,,,,24000.0,,,,,,,,,,,,,,,,,,,,,,,,,1.0,,1.0,,,,0.0,,,,,,,,,,,,,,141000.0,,,,,0.0,3.0,0.5,,,,,,18.0,,,,,,,,,,,,,0.0,,,,,,1.0
2-Axis Router,,Stratos Pro XL,,0.05,0.5,350.0,3700.0,2100.0,,,,,,the system Baseline,,2-Axis Router Machine,13.9,1.0,,1.0,16.38,0.2,FALSE,36.3,1.63,7000.0,10.0,USA,13.5,195978.0,0.8,4250.0,,,,,,,,,,24000.0,,,,,,,,,,,,,,,,,,,,,,,,,1.0,,1.0,,,,0.0,,,,,,,,,,,,,,141000.0,,,,,0.0,3.0,0.5,,,,,,18.0,,,,,,,,,,,,,0.0,,,,,,1.0
3 Roll Bender,,Faccin HCU 2050 X 5,,5.0,1.0,,,,,,,,,the system Baseline,,,6.32,5.0,,1.0,15.83,20.0,FALSE,43.21,1.0,3075.43,10,Italy,14.91,67256.0,80.0,1520.95,,,,,,,,,,,,,,,,,,,,,,,,,,,,,,,,,,,,,1.0,,,,0.0,,,,,,,,,,,,,,,296.0,,2050.0,101.6,0.0,,0.5,,,,,,,,,,,,5.0,,,,,,,0.0,,380.0,,,,
3 Roll Bender,,Faccin HCU 300 X 1,,5.0,1.0,,,,,,,,,the system Baseline,,,1.86,5.0,,1.0,13.99,20.0,FALSE,43.21,1.0,451.1,10,Italy,2.98,23300.0,80.0,798.58,,,,,,,,,,,,,,,,,,,,,,,,,,,,,,,,,,,,,1.0,,,,0.0,,,,,,,,,,,,,,,296.0,,300.0,101.6,0.0,,0.5,,,,,,,,,,,,1.5,,,,,,,0.0,,200.0,,,,
3 Roll Bender,,Faccin HCU 550 X 5,,5.0,1.0,,,,,,,,,the system Baseline,,,4.47,5.0,,1.0,13.99,20.0,FALSE,43.21,1.0,826.01,10,Italy,5.59,59000.0,80.0,438.91,,,,,,,,,,,,,,,,,,,,,,,,,,,,,,,,,,,,,1.0,,,,0.0,,,,,,,,,,,,,,,296.0,,550.0,116.84,0.0,,0.5,,,,,,,,,,,,5.0,,,,,,,0.0,,110.0,,,,
3 Roll Bender,,3 Roll Bender - 12200mm Roll Length x 84mm Roll Diameter,,5.0,1.0,,,,,,,,,the system Baseline,,,116.64,5.0,,1.0,28.82,20.0,TRUE,43.21,1.0,14600.0,10,Virtual,171.0,1500000.0,80.0,2400.0,,,,,20.0,,,,,,,,15.0,,,,,,,,,,,,185.3,107.5,,,,,,,,,,,1.0,,,,0.0,,,,,,,90.0,,,,,,,,310.0,,12200.0,70.0,0.0,,0.5,,,,,,,,,,,,,,,,,,,0.0,,84.0,,,7000.0,
3 Roll Bender,,3 Roll Bender - 2000mm Roll Length x 150mm Roll Diameter,,5.0,1.0,,,,,,,,,the system Baseline,,,3.63,5.0,,1.0,15.14,20.0,TRUE,43.21,1.0,3400.0,10,Virtual,6.0,45000.0,80.0,900.0,,,,,4.0,,,,,,,,3.0,,,,,,,,,,,,596.9,180.0,,,,,,,,,,,1.0,,,,0.0,,,,,,,90.0,,,,,,,,310.0,,2000.0,80.0,0.0,,0.5,,,,,,,,,,,,,,,,,,,0.0,,150.0,,,1500.0,
3 Roll Bender,,3 Roll Bender - 2500mm Roll Length x 225mm Roll Diameter,,5.0,1.0,,,,,,,,,the system Baseline,,,6.35,5.0,,1.0,15.29,20.0,TRUE,43.21,1.0,4750.0,10,Virtual,8.0,85000.0,80.0,1350.0,,,,,8.0,,,,,,,,6.0,,,,,,,,,,,,596.9,280.0,,,,,,,,,,,1.0,,,,0.0,,,,,,,90.0,,,,,,,,310.0,,2500.0,80.0,0.0,,0.5,,,,,,,,,,,,,,,,,,,0.0,,225.0,,,2500.0,
3 Roll Bender,,3 Roll Bender - 3200mm Roll Length x 400mm Roll Diameter,,5.0,1.0,,,,,,,,,the system Baseline,,,17.4,5.0,,1.0,19.42,20.0,TRUE,43.21,1.0,5440.0,10,Virtual,25.0,225000.0,80.0,2400.0,,,,,20.0,,,,,,,,15.0,,,,,,,,,,,,596.9,425.0,,,,,,,,,,,1.0,,,,0.0,,,,,,,90.0,,,,,,,,310.0,,3200.0,70.0,0.0,,0.5,,,,,,,,,,,,,,,,,,,0.0,,400.0,,,5000.0,
3 Roll Bender,,3 Roll Bender - 6100mm Roll Length x 65mm Roll Diameter,,5.0,1.0,,,,,,,,,the system Baseline,,,50.08,5.0,,1.0,22.56,20.0,TRUE,43.21,1.0,8500.0,10,Virtual,71.0,650000.0,80.0,2400.0,,,,,20.0,,,,,,,,15.0,,,,,,,,,,,,143.4,83.2,,,,,,,,,,,1.0,,,,0.0,,,,,,,90.0,,,,,,,,310.0,,6100.0,70.0,0.0,,0.5,,,,,,,,,,,,,,,,,,,0.0,,65.0,,,5000.0,
3 Roll Bender,,3 Roll Bender - 9000mm Roll Length x 84mm Roll Diameter,,5.0,1.0,,,,,,,,,the system Baseline,,,84.57,5.0,,1.0,25.53,20.0,TRUE,43.21,1.0,11400.0,10,Virtual,119.0,1100000.0,80.0,2400.0,,,,,20.0,,,,,,,,15.0,,,,,,,,,,,,185.3,107.5,,,,,,,,,,,1.0,,,,0.0,,,,,,,90.0,,,,,,,,310.0,,9000.0,70.0,0.0,,0.5,,,,,,,,,,,,,,,,,,,0.0,,84.0,,,6000.0,
3 Roll Bender,,Bertsch 25-10,,5.0,1.0,,,,,,,,,the system Baseline,,,5.67,5.0,,1.0,18.91,20.0,FALSE,43.21,1.0,5842.0,10,USA,7.45,75000.0,80.0,2032.0,,,,,6.76,,,,,,,,5.16,,,,,,,,,,,,444.5,279.4,,,,,,,,,,,1.0,,,,0.0,,,,,,,90.0,,,,,,,,310.0,,3048.0,71.72,0.0,,0.5,,,,,,,,,,,,,,,,,,,0.0,,229.0,,,2700.0,
3 Roll Bender,,Bertsch 37-10,,5.0,1.0,,,,,,,,,the system Baseline,,,9.47,5.0,,1.0,18.91,20.0,FALSE,43.21,1.0,5842.0,10,USA,18.63,110000.0,80.0,2032.0,,,,,9.53,,,,,,,,7.54,,,,,,,,,,,,482.6,315.0,,,,,,,,,,,1.0,,,,0.0,,,,,,,90.0,,,,,,,,310.0,,3048.0,71.72,0.0,,0.5,,,,,,,,,,,,,,,,,,,0.0,,267.0,,,3500.0,
3 Roll Bender,,Bertsch 50-08,,5.0,1.0,,,,,,,,,the system Baseline,,,9.22,5.0,,1.0,18.29,20.0,FALSE,43.21,1.0,5425.44,10,USA,8.94,130000.0,80.0,1920.24,,,,,12.7,,,,,,,,9.53,,,,,,,,,,,,520.7,353.1,,,,,,,,,,,1.0,,,,0.0,,,,,,,90.0,,,,,,,,310.0,,3048.0,71.12,0.0,,0.5,,,,,,,,,,,,,,,,,,,0.0,,356.0,,,3375.0,
3 Roll Bender,,Bertsch 75-10,,5.0,1.0,,,,,,,,,the system Baseline,,,17.26,5.0,,1.0,19.27,20.0,FALSE,43.21,1.0,5735.32,10,USA,26.08,220000.0,80.0,2217.42,,,,,19.05,,,,,,,,14.3,,,,,,,,,,,,596.9,429.5,,,,,,,,,,,1.0,,,,0.0,,,,,,,90.0,,,,,,,,310.0,,3048.0,71.12,0.0,,0.5,,,,,,,,,,,,,,,,,,,0.0,,381.0,,,4800.0,
3 Roll Bender,,Faccin ASI/M 1513,,5.0,1.0,,,,,,,,,the system Baseline,,,3.89,5.0,,1.0,17.28,20.0,FALSE,43.21,1.0,4942.0,10,Italy,11.0,36806.89,80.0,1630.0,,,,,5.0,,,,,,,,4.0,,,,,,,,,,,,333.2,169.0,,,,,,,,,,,1.0,,,,0.0,,,,,,,90.0,,,,,,,,296.0,,1500.0,81.28,0.0,,0.5,,,,,,,,,,,,,,,,,,,0.0,,130.0,,,1075.0,
3 Roll Bender,,Faccin ASI/M 1515,,5.0,1.0,,,,,,,,,the system Baseline,,,5.06,5.0,,1.0,16.37,20.0,FALSE,43.21,1.0,4942.0,10,Italy,4.0,73613.78,80.0,1200.0,,,,,6.0,,,,,,,,5.0,,,,,,,,,,,,353.2,195.0,,,,,,,,,,,1.0,,,,0.0,,,,,,,90.0,,,,,,,,296.0,,1500.0,81.28,0.0,,0.5,,,,,,,,,,,,,,,,,,,0.0,,150.0,,,1400.0,
3 Roll Bender,,Faccin ASI/M 1517,,5.0,1.0,,,,,,,,,the system Baseline,,,4.85,5.0,,1.0,14.45,20.0,FALSE,43.21,1.0,2399.39,10,Italy,3.73,70866.14,80.0,599.85,,,,,8.0,,,,,,,,6.0,,,,,,,,,,,,373.2,221.0,,,,,,,,,,,1.0,,,,0.0,,,,,,,90.0,,,,,,,,296.0,,1500.0,81.28,0.0,,0.5,,,,,,,,,,,,,,,,,,,0.0,,170.0,,,1630.0,
3 Roll Bender,,Faccin ASI/M 2013,,5.0,1.0,,,,,,,,,the system Baseline,,,5.79,5.0,,1.0,14.43,20.0,FALSE,43.21,1.0,1999.49,10,Italy,5.21,82677.17,80.0,699.82,,,,,3.0,,,,,,,,2.5,,,,,,,,,,,,333.2,169.0,,,,,,,,,,,1.0,,,,0.0,,,,,,,90.0,,,,,,,,296.0,,2000.0,81.28,0.0,,0.5,,,,,,,,,,,,,,,,,,,0.0,,130.0,,,1200.0,
3 Roll Bender,,Faccin ASI/M 2015,,5.0,1.0,,,,,,,,,the system Baseline,,,7.45,5.0,,1.0,14.79,20.0,FALSE,43.21,1.0,2499.36,10,Italy,6.71,106299.21,80.0,899.77,,,,,4.0,,,,,,,,3.0,,,,,,,,,,,,353.2,195.0,,,,,,,,,,,1.0,,,,0.0,,,,,,,90.0,,,,,,,,296.0,,2000.0,81.28,0.0,,0.5,,,,,,,,,,,,,,,,,,,0.0,,150.0,,,1630.0,
3 Roll Bender,,Faccin ASI/M 2017,,5.0,1.0,,,,,,,,,the system Baseline,,,3.42,5.0,,1.0,14.58,20.0,FALSE,43.21,1.0,2899.26,10,Italy,3.73,47244.09,80.0,599.85,,,,,6.0,,,,,,,,5.0,,,,,,,,,,,,373.2,221.0,,,,,,,,,,,1.0,,,,0.0,,,,,,,90.0,,,,,,,,296.0,,2000.0,81.28,0.0,,0.5,,,,,,,,,,,,,,,,,,,0.0,,170.0,,,1970.0,
3 Roll Bender,,Faccin ASI/M 2513,,5.0,1.0,,,,,,,,,the system Baseline,,,4.36,5.0,,1.0,14.58,20.0,FALSE,43.21,1.0,2499.36,10,Italy,5.21,59055.12,80.0,699.82,,,,,2.0,,,,,,,,1.5,,,,,,,,,,,,333.2,169.0,,,,,,,,,,,1.0,,,,0.0,,,,,,,90.0,,,,,,,,296.0,,2500.0,81.28,0.0,,0.5,,,,,,,,,,,,,,,,,,,0.0,,130.0,,,1375.0,
3 Roll Bender,,Faccin ASI/M 2515,,5.0,1.0,,,,,,,,,the system Baseline,,,6.02,5.0,,1.0,14.99,20.0,FALSE,43.21,1.0,2999.23,10,Italy,6.71,82677.17,80.0,899.77,,,,,3.0,,,,,,,,2.0,,,,,,,,,,,,353.2,195.0,,,,,,,,,,,1.0,,,,0.0,,,,,,,90.0,,,,,,,,296.0,,2500.0,81.28,0.0,,0.5,,,,,,,,,,,,,,,,,,,0.0,,150.0,,,1860.0,
3 Roll Bender,,Faccin ASI/M 2517,,5.0,1.0,,,,,,,,,the system Baseline,,,2.71,5.0,,1.0,14.7,20.0,FALSE,43.21,1.0,3399.13,10,Italy,3.73,35433.07,80.0,599.85,,,,,4.0,,,,,,,,3.0,,,,,,,,,,,,373.2,221.0,,,,,,,,,,,1.0,,,,0.0,,,,,,,90.0,,,,,,,,296.0,,2500.0,81.28,0.0,,0.5,,,,,,,,,,,,,,,,,,,0.0,,170.0,,,2220.0,
3 Roll Bender,,Knuth KRB 2513,,5.0,1.0,,,,,,,,,the system Baseline,,,3.65,5.0,,1.0,14.73,20.0,FALSE,43.21,1.0,2999.23,10,Germany,5.21,47244.09,80.0,699.82,,,,,16.0,,,,,,,,15.0,,,,,,,,,,,,1103.2,900.0,,,,,,,,,,,1.0,,,,0.0,,,,,,,90.0,,,,,,,,296.0,,2600.0,81.28,0.0,,0.5,,,,,,,,,,,,,,,,,,,0.0,,300.0,,,7650.0,
3 Roll Bender,,Knuth KRM-5 30/4,,5.0,1.0,,,,,,,,,the system Baseline,,,5.3,5.0,,1.0,15.38,20.0,FALSE,43.21,1.0,3499.13,10,Germany,6.77,70866.14,80.0,899.77,,,,,5.0,,,,,,,,4.0,,,,,,,,,,,,488.2,285.0,,,,,,,possible duplicate entry with near-identical values seen twice in source data,,,,1.0,,,,0.0,,,,,,,90.0,,,,,,,,296.0,,3100.0,81.28,0.0,,0.5,,,,,,,,,,,,,,,,,,,0.0,,190.0,,,4600.0,
3 Roll Bender,,Knuth KRM-5 30/4 (duplicate entry),,5.0,1.0,,,,,,,,,the system Baseline,,,5.3,5.0,,1.0,15.18,20.0,FALSE,43.21,1.0,3499.13,10,Germany,6.71,70866.14,80.0,899.77,,,,,5.0,,,,,,,,4.0,,,,,,,,,,,,488.2,285.0,,,,,,,,,,,1.0,,,,0.0,,,,,,,90.0,,,,,,,,296.0,,3100.0,81.28,0.0,,0.5,,,,,,,,,,,,,,,,,,,0.0,,190.0,,,4600.0,
3D Laser Cutting Machine,,3D Laser - 3300 Watts,,5.0,0.73,600.0,4300.0,2800.0,,,,,,,,,18.87,1.5,,1.0,21.81,20.0,TRUE,36.3,1.0,6375.4,10,Virtual,4.71,300000.0,80.0,9753.6,,,,,,,,,,,,,,,,,,,,,,,,,,,,,,,,,,,1,,1.0,,,,0.0,,,,,,3300.0,,,,,,,,40000.0,,,,,0.0,0.0,0.08,,,,,,0.0,,5.0,,,,,,,,,,,0.0,,,,,,
3D Laser Cutting Machine,,3D Laser - 5000 Watts,,5.0,0.73,800.0,4300.0,2800.0,,,,,,,,,19.24,1.5,,1.0,21.81,20.0,TRUE,36.3,1.0,6375.4,10,Virtual,7.14,300000.0,80.0,9753.6,,,,,,,,,,,,,,,,,,,,,,,,,,,,,,,,,,,1,,1.0,,,,0.0,,,,,,5000.0,,,,,,,,20000.0,,,,,0.0,0.0,0.08,,,,,,0.0,,5.0,,,,,,,,,,,0.0,,,,,,
3D Laser Cutting Machine,,Default 3D Laser,,5.0,0.73,850.0,4300.0,2800.0,,,,,,,,,18.59,2.5,,1.0,21.81,20.0,FALSE,36.3,1.0,6375.4,10,USA,2.86,300000.0,80.0,9753.6,,,,,,,,,,,,,,,,,,,,,,,,,,,,,,,,,,,1,,1.0,,,,0.0,,,,,,2000.0,,,,,,,,60000.0,,,,,0.0,0.0,0.08,,,,,,0.0,,5.0,,,,,,,,,,,0.0,,,,,,
3D Laser Cutting Machine,,ML1515VZ10-20XF,,5.0,0.73,850.0,1520.0,1520.0,,,,,,,,,45.97,2.47,,1.0,16.35,20.0,FALSE,36.3,1.0,4489.0,10,Japan,51.85,630000.0,80.0,2650.0,,,,,,,,,,,,,,,,,,,,,,,,,,,,,,,,,,,1,,1.0,,,,0.0,,,,,,2000.0,,,,,,,,40000.0,,,,,0.0,0.0,0.08,,,,,,0.0,,5.0,,,,,,,,,,,0.0,,,,,,
3D Laser Cutting Machine,,ML1515VZ10-30CF-R,,5.0,0.73,600.0,1520.0,1520.0,,,,,,,,,52.42,2.47,,1.0,16.35,20.0,FALSE,36.3,1.0,4489.0,10,Japan,76.5,675000.0,80.0,2650.0,,,,,,,,,,,,,,,,,,,,,,,,,,,,,,,,,,,1,,1.0,,,,0.0,,,,,,3000.0,,,,,,,,40000.0,,,,,0.0,0.0,0.08,,,,,,0.0,,5.0,,,,,,,,,,,0.0,,,,,,
3D Laser Cutting Machine,,ML3122VZ10-20XF,,5.0,0.73,850.0,3100.0,2200.0,,,,,,,,,51.55,1.78,,1.0,17.75,20.0,FALSE,36.3,1.0,7730.0,10,Japan,52.7,720000.0,80.0,3330.0,,,,,,,,,,,,,,,,,,,,,,,,,,,,,,,,,,,1,,1.0,,,,0.0,,,,,,2000.0,,,,,,,,35000.0,,,,,0.0,0.0,0.08,,,,,,0.0,,5.0,,,,,,,,,,,0.0,,,,,,
3D Laser Cutting Machine,,ML3122VZ10-30CF-R,,5.0,0.73,850.0,3100.0,2200.0,,,,,,,,,58.0,1.78,,1.0,17.75,20.0,FALSE,36.3,1.0,7730.0,10,Japan,77.35,765000.0,80.0,3330.0,,,,,,,,,,,,,,,,,,,,,,,,,,,,,,,,,,,1,,1.0,,,,0.0,,,,,,3000.0,,,,,,,,35000.0,,,,,0.0,0.0,0.08,,,,,,0.0,,5.0,,,,,,,,,,,0.0,,,,,,
3D Laser Cutting Machine,,ML4322VZ10-20XF,,5.0,0.73,850.0,4300.0,2200.0,,,,,,,,,73.34,1.0,,1.0,18.69,20.0,FALSE,36.3,1.0,10620.0,10,Japan,52.7,1080000.0,80.0,5350.0,,,,,,,,,,,,,,,,,,,,,,,,,,,,,,,,,,,1,,1.0,,,,0.0,,,,,,2000.0,,,,,,,,35000.0,,,,,0.0,0.0,0.08,,,,,,0.0,,5.0,,,,,,,,,,,0.0,,,,,,
3D Laser Cutting Machine,,ML4322VZ10-30CF-R,,5.0,0.73,850.0,4300.0,2200.0,,,,,,,,,79.79,1.0,,1.0,18.69,20.0,FALSE,36.3,1.0,10620.0,10,Japan,77.35,1125000.0,80.0,5350.0,,,,,,,,,,,,,,,,,,,,,,,,,,,,,,,,,,,1,,1.0,,,,0.0,,,,,,3000.0,,,,,,,,35000.0,,,,,0.0,0.0,0.08,,,,,,0.0,,5.0,,,,,,,,,,,0.0,,,,,,
3D Laser Cutting Machine,,NTC TLM-404 3300,,5.0,0.73,600.0,1300.0,1300.0,,,,,,,,,18.87,2.0,,1.0,17.62,20.0,FALSE,36.3,1.0,3657.0,10,USA,4.71,300000.0,80.0,6045.2,,,,,,,,,,,,,,,,,,,,,,,,,,,,,,,,,,,1,,1.0,,,,0.0,,,,,,3300.0,,,,,,,,40000.0,,,,,0.0,0.0,0.08,,,,,,0.0,,5.0,,,,,,,,,,,0.0,,,,,,
3D Laser Cutting Machine,,NTC TLM-404 5000,,5.0,0.73,600.0,1300.0,1300.0,,,,,,,,,19.24,2.0,,1.0,18.36,20.0,FALSE,36.3,1.0,3657.0,10,USA,7.14,300000.0,80.0,7239.6,,,,,,,,,,,,,,,,,,,,,,,,,,,,,,,,,,,1,,1.0,,,,0.0,,,,,,5000.0,,,,,,,,40000.0,,,,,0.0,0.0,0.08,,,,,,0.0,,5.0,,,,,,,,,,,0.0,,,,,,
3D Laser Cutting Machine,,NTC TLM-608 3300,,5.0,0.73,600.0,2500.0,1900.0,,,,,,,,,18.87,2.0,,1.0,18.36,20.0,FALSE,36.3,1.0,3657.0,10,USA,4.71,300000.0,80.0,7239.6,,,,,,,,,,,,,,,,,,,,,,,,,,,,,,,,,,,1,,1.0,,,,0.0,,,,,,3300.0,,,,,,,,40000.0,,,,,0.0,0.0,0.08,,,,,,0.0,,5.0,,,,,,,,,,,0.0,,,,,,
3D Laser Cutting Machine,,NTC TLM-608 5000,,5.0,0.73,800.0,2500.0,1900.0,,,,,,,,,19.24,1.5,,1.0,21.81,20.0,FALSE,36.3,1.0,6375.4,10,USA,4.71,300000.0,80.0,9753.6,,,,,,,,,,,,,,,,,,,,,,,,,,,,,,,,,,,1,,1.0,,,,0.0,,,,,,5000.0,,,,,,,,20000.0,,,,,0.0,0.0,0.08,,,,,,0.0,,5.0,,,,,,,,,,,0.0,,,,,,
3D Laser Cutting Machine,,NTC TLM-914 3300,,5.0,0.73,600.0,4300.0,2800.0,,,,,,,,,18.87,1.5,,1.0,21.81,20.0,FALSE,36.3,1.0,6375.4,10,USA,4.71,300000.0,80.0,9753.6,,,,,,,,,,,,,,,,,,,,,,,,,,,,,,,,,,,1,,1.0,,,,0.0,,,,,,3300.0,,,,,,,,40000.0,,,,,0.0,0.0,0.08,,,,,,0.0,,5.0,,,,,,,,,,,0.0,,,,,,
3D Laser Cutting Machine,,NTC TLM-914 5000,,5.0,0.73,800.0,4300.0,2800.0,,,,,,,,,19.24,1.5,,1.0,21.81,20.0,FALSE,36.3,1.0,6375.4,10,USA,7.14,300000.0,80.0,9753.6,,,,,,,,,,,,,,,,,,,,,,,,,,,,,,,,,,,1,,1.0,,,,0.0,,,,,,5000.0,,,,,,,,20000.0,,,,,0.0,0.0,0.08,,,,,,0.0,,5.0,,,,,,,,,,,0.0,,,,,,
4 Roll Bender,,4 Roll Bender - 12200mm Roll Length x 84mm Roll Diameter,,5.0,1.0,,,,,,,,,,,,253.29,5.0,,1.0,36.31,20.0,TRUE,43.21,1.0,14600.0,10,Virtual,875.0,2000000.0,80.0,3600.0,,,,,75.0,,,,,,,,60.0,,,,,,,,,,,,153.9,125.6,,,,,,,,,,,1.0,,,,0.0,,,,,,,90.0,,,,,,,,296.0,,12200.0,75.0,0.0,,0.5,,,,,,,,,,,,,,,,,,,0.0,,84.0,,,65000.0,
4 Roll Bender,,4 Roll Bender - 2500mm Roll Length x 200mm Roll Diameter,,5.0,1.0,,,,,,,,,,,,5.75,5.0,,1.0,16.75,20.0,TRUE,43.21,1.0,5250.0,10,Virtual,10.0,70000.0,80.0,1300.0,,,,,8.0,,,,,,,,5.0,,,,,,,,,,,,450.0,300.0,,,,,,,,,,,1.0,,,,0.0,,,,,,,90.0,,,,,,,,296.0,,2500.0,80.0,0.0,,0.5,,,,,,,,,,,,,,,,,,,0.0,,200.0,,,5000.0,
4 Roll Bender,,4 Roll Bender - 3000mm Roll Length x 400mm Roll Diameter,,5.0,1.0,,,,,,,,,,,,19.67,5.0,,1.0,20.84,20.0,TRUE,43.21,1.0,6300.0,10,Virtual,30.0,250000.0,80.0,2600.0,,,,,20.0,,,,,,,,15.0,,,,,,,,,,,,600.0,550.0,,,,,,,,,,,1.0,,,,0.0,,,,,,,90.0,,,,,,,,296.0,,3000.0,80.0,0.0,,0.5,,,,,,,,,,,,,,,,,,,0.0,,400.0,,,20000.0,
4 Roll Bender,,4 Roll Bender - 3500mm Roll Length x 700mm Roll Diameter,,5.0,1.0,,,,,,,,,,,,75.65,5.0,,1.0,26.92,20.0,TRUE,43.21,1.0,8500.0,10,Virtual,100.0,1000000.0,80.0,3600.0,,,,,75.0,,,,,,,,60.0,,,,,,,,,,,,1200.0,800.0,,,,,,,,,,,1.0,,,,0.0,,,,,,,90.0,,,,,,,,296.0,,3500.0,75.0,0.0,,0.5,,,,,,,,,,,,,,,,,,,0.0,,700.0,,,65000.0,
4 Roll Bender,,4 Roll Bender - 6100mm Roll Length x 65mm Roll Diameter,,5.0,1.0,,,,,,,,,,,,140.06,5.0,,1.0,30.92,20.0,TRUE,43.21,1.0,11100.0,10,Virtual,326.0,1500000.0,80.0,3600.0,,,,,75.0,,,,,,,,60.0,,,,,,,,,,,,119.1,97.2,,,,,,,,,,,1.0,,,,0.0,,,,,,,90.0,,,,,,,,296.0,,6100.0,75.0,0.0,,0.5,,,,,,,,,,,,,,,,,,,0.0,,65.0,,,65000.0,
4 Roll Bender,,4 Roll Bender - 9000mm Roll Length x 84mm Roll Diameter,,5.0,1.0,,,,,,,,,,,,194.64,5.0,,1.0,31.38,20.0,TRUE,43.21,1.0,11400.0,10,Virtual,587.0,1750000.0,80.0,3600.0,,,,,75.0,,,,,,,,60.0,,,,,,,,,,,,153.9,125.6,,,,,,,,,,,1.0,,,,0.0,,,,,,,90.0,,,,,,,,296.0,,9000.0,75.0,0.0,,0.5,,,,,,,,,,,,,,,,,,,0.0,,84.0,,,65000.0,
4 Roll Bender,,Bertsch 100-10,,5.0,1.0,,,,,,,,,,,,22.69,5.0,,1.0,20.43,20.0,FALSE,43.21,1.0,6096.0,10,USA,30.0,300000.0,80.0,2529.84,,,,,25.4,,,,,,,,19.1,,,,,,,,,,,,480.0,647.0,,,,,,,,,,,1.0,,,,0.0,,,,,,,90.0,,,,,,,,310.0,,3048.0,71.12,0.0,,0.5,,,,,,,,,,,,,,,,,,,0.0,,432.0,,,5300.0,
4 Roll Bender,,Faccin 4HEL 201,,5.0,1.0,,,,,,,,,,,,5.08,5.0,,1.0,15.94,20.0,FALSE,43.21,1.0,4098.95,10,Italy,5.21,70866.14,80.0,1199.69,,,,,5.0,,,,,,,,4.0,,,,,,,,,,,,363.2,224.0,,,,,,,,,,,1.0,,,,0.0,,,,,,,90.0,,,,,,,,296.0,,2000.0,81.28,0.0,,0.5,,,,,,,,,,,,,,,,,,,0.0,,160.0,,,2500.0,
4 Roll Bender,,Faccin 4HEL 202,,5.0,1.0,,,,,,,,,,,,8.56,5.0,,1.0,16.39,20.0,FALSE,43.21,1.0,4598.82,10,Italy,9.31,118110.24,80.0,1299.67,,,,,8.0,,,,,,,,6.0,,,,,,,,,,,,413.2,294.0,,,,,,,,,,,1.0,,,,0.0,,,,,,,90.0,,,,,,,,296.0,,2000.0,81.28,0.0,,0.5,,,,,,,,,,,,,,,,,,,0.0,,210.0,,,4500.0,
4 Roll Bender,,Faccin 4HEL 251,,5.0,1.0,,,,,,,,,,,,4.36,5.0,,1.0,16.19,20.0,FALSE,43.21,1.0,4598.82,10,Italy,5.21,59055.12,80.0,1199.69,,,,,4.0,,,,,,,,3.0,,,,,,,,,,,,383.2,252.0,,,,,,,,,,,1.0,,,,0.0,,,,,,,90.0,,,,,,,,296.0,,2500.0,81.28,0.0,,0.5,,,,,,,,,,,,,,,,,,,0.0,,180.0,,,2900.0,
4 Roll Bender,,Faccin 4HEL 254,,5.0,1.0,,,,,,,,,,,,17.11,5.0,,1.0,17.83,20.0,FALSE,43.21,1.0,5498.59,10,Italy,18.63,236220.47,80.0,1699.56,,,,,14.0,,,,,,,,12.0,,,,,,,,,,,,523.2,448.0,,,,,,,,,,,1.0,,,,0.0,,,,,,,90.0,,,,,,,,296.0,,2500.0,81.28,0.0,,0.5,,,,,,,,,,,,,,,,,,,0.0,,320.0,,,10000.0,
4 Roll Bender,,Faccin 4HEL 301,,5.0,1.0,,,,,,,,,,,,6.41,5.0,,1.0,16.89,20.0,FALSE,43.21,1.0,5498.59,10,Italy,9.31,82677.17,80.0,1299.67,,,,,5.0,,,,,,,,5.0,,,,,,,,,,,,413.2,294.0,,,,,,,,,,,1.0,,,,0.0,,,,,,,90.0,,,,,,,,296.0,,3000.0,81.28,0.0,,0.5,,,,,,,,,,,,,,,,,,,0.0,,210.0,,,5000.0,
4 Roll Bender,,Faccin 4HEL 305,,5.0,1.0,,,,,,,,,,,,25.95,5.0,,1.0,20.09,20.0,FALSE,43.21,1.0,6098.44,10,Italy,29.8,354330.71,80.0,2399.33,,,,,25.0,,,,,,,,20.0,,,,,,,,,,,,603.2,560.0,,,,,,,,,,,1.0,,,,0.0,,,,,,,90.0,,,,,,,,296.0,,3000.0,81.28,0.0,,0.5,,,,,,,,,,,,,,,,,,,0.0,,400.0,,,21000.0,
4 Roll Bender,,Faccin 4HEL 310,,5.0,1.0,,,,,,,,,,,,71.43,5.0,,1.0,27.07,20.0,FALSE,43.21,1.0,8597.8,10,Italy,111.75,1003937.01,80.0,3598.0,,,,,75.0,,,,,,,,65.0,,,,,,,,,,,,1328.6,1022.0,,,,,,,,,,,1.0,,,,0.0,,,,,,,90.0,,,,,,,,296.0,,3000.0,81.28,0.0,,0.5,,,,,,,,,,,,,,,,,,,0.0,,730.0,,,68000.0,
4 Roll Bender,,Faccin 4HEL 401,,5.0,1.0,,,,,,,,,,,,6.69,5.0,,1.0,17.9,20.0,FALSE,43.21,1.0,6798.26,10,Italy,11.18,82677.17,80.0,1399.64,,,,,5.0,,,,,,,,3.0,,,,,,,,,,,,473.2,378.0,,,,,,,,,,,1.0,,,,0.0,,,,,,,90.0,,,,,,,,296.0,,4000.0,81.28,0.0,,0.5,,,,,,,,,,,,,,,,,,,0.0,,270.0,,,9500.0,
4 Roll Bender,,Faccin 4HEL 403,,5.0,1.0,,,,,,,,,,,,14.1,5.0,,1.0,20.03,20.0,FALSE,43.21,1.0,6898.23,10,Italy,22.35,177165.35,80.0,2099.46,,,,,12.0,,,,,,,,10.0,,,,,,,,,,,,573.2,518.0,,,,,,,,,,,1.0,,,,0.0,,,,,,,90.0,,,,,,,,296.0,,4000.0,81.28,0.0,,0.5,,,,,,,,,,,,,,,,,,,0.0,,370.0,,,18000.0,
4 Roll Bender,,Faccin 4HEL 406,,5.0,1.0,,,,,,,,,,,,25.34,5.0,,1.0,22.95,20.0,FALSE,43.21,1.0,8197.9,10,Italy,44.7,307086.61,80.0,2599.33,,,,,22.0,,,,,,,,18.0,,,,,,,,,,,,663.2,644.0,,,,,,,,,,,1.0,,,,0.0,,,,,,,90.0,,,,,,,,296.0,,4000.0,81.28,0.0,,0.5,,,,,,,,,,,,,,,,,,,0.0,,460.0,,,36000.0,
4 Roll Bender,,Knuth RBM 20/04 CNC,,5.0,1.0,,,,,,,,,,,,3.18,5.0,,1.0,15.86,20.0,FALSE,43.21,1.0,4139.14,10,Germany,2.23,46900.0,80.0,1142.71,,,,,4.1,,,,,,,,3.0,,,,,,,,,,,,624.0,480.0,,,,,,,,,,,1.0,,,,0.0,,,,,,,90.0,,,,,,,,296.0,,2108.0,81.28,0.0,,0.5,,,,,,,,,,,,,,,,,,,0.0,,152.4,,,2315.0,
4 Roll Bender,,Knuth RBM 40/13 CNC,,5.0,1.0,,,,,,,,,,,,12.75,5.0,,1.0,20.36,20.0,FALSE,43.21,1.0,7237.15,10,Germany,18.63,164150.0,80.0,2107.66,,,,,13.0,,,,,,,,9.7,,,,,,,,,,,,1614.0,1242.0,,,,,,,,,,,1.0,,,,0.0,,,,,,,90.0,,,,,,,,296.0,,4089.0,81.28,0.0,,0.5,,,,,,,,,,,,,,,,,,,0.0,,381.0,,,20729.0,
Bend Press Brake,,11010 (Heller-hydraulic),,5.0,1.0,,,,3.5,,,,,,,,4.25,5.0,,1.0,15.58,20.0,FALSE,36.3,1.3,3149.6,10,USA,7.99,50290.0,80.0,1295.4,,,3048.0,,,,,,6.0,,,2540.0,,,,,,,27.8,25.3,27.8,14.5,15.9,,,,,,,,,,,,,,1.0,,,,0.0,,,,,,,,,1096.0,,,,,,,,,,0.0,,0.75,,,,,,,,,,,,,,,,,,,0.0,,,0.0,,,1.0
Bend Press Brake,,15010 (Heller-hydraulic),,5.0,1.0,,,,3.5,,,,,,,,5.0,5.0,,1.0,15.71,20.0,FALSE,36.3,1.3,3149.6,10,USA,10.66,55930.0,80.0,1397.0,,,3048.0,,,,,,6.0,,,2540.0,,,,,,,33.5,30.5,33.9,17.3,19.0,,,,,,,,,,,,,,1.0,,,,0.0,,,,,,,,,1494.6,,,,,,,,,,0.0,,0.75,,,,,,,,,,,,,,,,,,,0.0,,,0.0,,,1.0
Bend Press Brake,,18510 (Heller-hydraulic),,5.0,1.0,,,,3.5,,,,,,,,5.93,5.0,,1.0,15.92,20.0,FALSE,36.3,1.3,3149.6,10,USA,15.99,57998.0,80.0,1549.4,,,3048.0,,,,,,4.0,,,2540.0,,,,,,,38.9,35.4,38.9,20.2,22.2,,,,,,,,,,,,,,1.0,,,,0.0,,,,,,,,,1843.4,,,,,,,,,,0.0,,0.75,,,,,,,,,,,,,,,,,,,0.0,,,0.0,,,1.0
Bend Press Brake,,Autobrake 2000 Model: AB1016 (Roper Whitney),,5.0,1.0,,,,3.5,,,,,,,,4.99,4.0,,1.0,17.19,20.0,FALSE,36.3,1.3,4013.2,10,USA,7.0,65000.0,80.0,1955.8,,,3098.8,,,,,,6.0,,,1963.5,,,,,,,2.7,2.5,2.7,1.5,1.6,,,,,,,,,,,,,,1.0,,,,0.0,,,,,,,,,398.6,,,,,,,,,,0.0,,0.75,,,,,,,,,,,,,,,,,,,0.0,,,0.0,,,1.0
Bend Press Brake,,Bend Brake - 1500kN Press Force,,5.0,1.0,,,,3.5,,,,,,,,7.56,4.0,,1.0,15.58,20.0,TRUE,36.3,1.3,3200.0,10,Virtual,10.0,100000.0,80.0,1600.0,,,3000.0,,,,,,6.0,,,2500.0,,,,,,,30.0,25.0,30.0,15.0,15.0,,,,,,,,,,,,,,1.0,,,,0.0,,,,,,,,,1500.0,,,,,,,,,,0.0,,0.75,,,,,,,,,,,,,,,,,,,0.0,,,0.0,,,1.0
Bend Press Brake,,Bend Brake - 2500kN Press Force,,5.0,1.0,,,,3.5,,,,,,,,9.08,4.0,,1.0,16.57,20.0,TRUE,36.3,1.3,4000.0,10,Virtual,12.0,120000.0,80.0,2000.0,,,3500.0,,,,,,6.0,,,2500.0,,,,,,,35.0,30.0,35.0,20.0,22.0,,,,,,,,,,,,,,1.0,,,,0.0,,,,,,,,,2500.0,,,,,,,,,,0.0,,0.75,,,,,,,,,,,,,,,,,,,0.0,,,0.0,,,1.0
Bend Press Brake,,Bend Brake - 800kN Press Force,,5.0,1.0,,,,3.5,,,,,,,,5.75,4.0,,1.0,14.82,20.0,TRUE,36.3,1.3,2300.0,10,Virtual,6.0,80000.0,80.0,1250.0,,,1500.0,,,,,,6.0,,,1000.0,,,,,,,12.0,10.0,12.0,9.0,10.0,,,,,,,,,,,,,,1.0,,,,0.0,,,,,,,,,800.0,,,,,,,,,,0.0,,0.75,,,,,,,,,,,,,,,,,,,0.0,,,0.0,,,1.0
Bend Press Brake,,Default Bend Brake,,5.0,1.0,,,,3.5,,,,,,,,6.44,3.0,,1.0,15.57,20.0,FALSE,36.3,1.3,3911.6,10,USA,7.0,88843.6,80.0,1727.2,,,1524.0,,,,,,6.0,,,1016.0,,,,,,,29.0,26.4,29.0,9.0,10.0,,,,,,,,,,,,,,1.0,,,,0.0,,,,,,,,,75.0,,,,,,,,,,0.0,,0.75,,,,,,,,,,,,,,,,,,,0.0,,,0.0,,,1.0
Bend Press Brake,,FBD1253-NT (Amada- Upacting),,5.0,1.0,,,,3.5,,,,,,,,6.44,3.0,,1.0,15.28,20.0,FALSE,36.3,1.3,3632.2,10,USA,7.0,88843.6,80.0,1549.6,,,2997.2,,,,,,6.0,,,2692.2,,,,,,,29.8,27.1,29.8,15.5,17.0,,,,,,,,,,,,,,1.0,,,,0.0,,,,,,,,,1365.0,,,,,,,,,,0.0,,0.75,,,,,,,,,,,,,,,,,,,0.0,,,0.0,,,1.0
Bend Press Brake,,HFE2204 (Amada- DownActing),,5.0,1.0,,,,3.5,,,,,,,,14.07,4.0,,1.0,18.92,20.0,FALSE,36.3,1.3,6096.0,10,Japan,7.0,215000.0,80.0,2438.4,,,4267.2,,,,,,6.0,,,3810.0,,,,,,,35.0,31.8,35.0,20.0,22.0,,,,,,,,,,,,,,1.0,,,,0.0,,,,,,,,,2373.0,,,,,,,,,,0.0,,0.75,,,,,,,,,,,,,,,,,,,0.0,,,0.0,,,1.0
Bend Press Brake,,HG-1303 (Amada),,5.0,1.0,,,,3.5,,,,,,,,16.32,4.0,,1.0,16.59,20.0,FALSE,36.3,1.3,4100.0,10,Japan,17.85,225000.0,80.0,1962.0,,,3110.0,,,,,,6.0,,,2700.0,,,,,,,26.3,24.4,26.8,14.0,15.3,,,,,,,,,,,,,,1.0,,,,0.0,,,,,,,,,1300.0,,,,,,,,,,0.0,,0.75,,,,,,,,,,,,,,,,,,,0.0,,,0.0,,,1.0
Bend Press Brake,,HG-2204 (Amada),,5.0,1.0,,,,3.5,,,,,,,,23.69,4.0,,1.0,17.45,20.0,FALSE,36.3,1.3,5240.0,10,Japan,30.6,315000.0,80.0,2020.0,,,4300.0,,,,,,6.0,,,3760.0,,,,,,,40.3,36.7,40.3,20.9,23.0,,,,,,,,,,,,,,1.0,,,,0.0,,,,,,,,,2200.0,,,,,,,,,,0.0,,0.75,,,,,,,,,,,,,,,,,,,0.0,,,0.0,,,1.0
Bend Press Brake,,HG-5020 (Amada),,5.0,1.0,,,,3.5,,,,,,,,9.71,4.0,,1.0,15.79,20.0,FALSE,36.3,1.3,3080.0,10,Japan,10.2,135000.0,80.0,1860.0,,,2150.0,,,,,,6.0,,,1700.0,,,,,,,14.8,13.5,14.8,7.7,8.5,,,,,,,,,,,,,,1.0,,,,0.0,,,,,,,,,500.0,,,,,,,,,,0.0,,0.75,,,,,,,,,,,,,,,,,,,0.0,,,0.0,,,1.0
Bend Press Brake,,HG-8025 (Amada),,5.0,1.0,,,,3.5,,,,,,,,12.95,4.0,,1.0,16.12,20.0,FALSE,36.3,1.3,3590.0,10,Japan,13.6,180000.0,80.0,1860.0,,,2600.0,,,,,,6.0,,,2210.0,,,,,,,19.3,17.6,19.3,10.1,11.1,,,,,,,,,,,,,,1.0,,,,0.0,,,,,,,,,800.0,,,,,,,,,,0.0,,0.75,,,,,,,,,,,,,,,,,,,0.0,,,0.0,,,1.0
Bend Press Brake,,SPH-30C (Amada),,5.0,1.0,,,,3.5,,,,,,,,5.86,3.0,,1.0,14.04,20.0,FALSE,36.3,1.3,1449.98,10,USA,7.99,88843.6,80.0,549.99,,,415.0,,,,,,6.0,,,510.0,,,,,,,11.1,10.1,11.1,5.8,6.4,,,,,,,,,,,,,,1.0,,,,0.0,,,,,,,,,323.6,,,,,,,,,,0.0,,0.75,,,,,,,,,,,,,,,,,,,0.0,,,0.0,,,1.0
Bend Press Brake,,SPH-60C (Amada),,5.0,1.0,,,,3.5,,,,,,,,6.59,3.0,,1.0,14.38,20.0,FALSE,36.3,1.3,1679.98,10,USA,7.99,88843.6,80.0,1259.98,,,835.0,,,,,,6.0,,,510.0,,,,,,,22.2,20.2,22.2,11.5,12.7,,,,,,,,,,,,,,1.0,,,,0.0,,,,,,,,,588.4,,,,,,,,,,0.0,,0.75,,,,,,,,,,,,,,,,,,,0.0,,,0.0,,,1.0
Laser Cutting Machine,,Cincinnati CL 850,,5.0,0.73,,3048.0,1524.0,,,,,,,,,37.4,2.0,,1.0,23.68,20.0,FALSE,36.3,1.63,12444.98,10,USA,7.14,600000.0,80.0,4623.82,,,,,,,,,,,,,,,,,,,,,,,,,,,,,,,,,,,1,,1.0,,,,0.0,,,,,,5000.0,,,,,,,,154000.0,,,,,0.0,3.0,0.08,10.0,,10.0,,,18.0,,5.0,0.0,,,,,,,,,,0.0,,,,,,
Laser Cutting Machine,,Default Laser,,5.0,0.73,,6096.0,3048.0,,,,,,,,,18.99,2.0,,1.0,21.78,20.0,FALSE,36.3,1.63,7620.0,10,USA,5.51,300000.0,80.0,6096.0,,,,,,,,,,,,,,,,,,,,,,,,,,,,,,,,,,,1,,1.0,,,,0.0,,,,,,2000.0,,,,,,,,60000.0,,,,,0.0,3.0,0.08,10.0,,10.0,,,18.0,,5.0,0.0,,,,,,,,,,0.0,,,,,,
Laser Cutting Machine,,ESAB - 3000XT,,5.0,0.73,,2048.0,1524.0,,,,,,,,,18.87,2.0,,1.0,21.78,20.0,FALSE,36.3,1.63,7620.0,10,South Korea,4.29,300000.0,80.0,6096.0,,,,,,,,,,,,,,,,,,,,,,,,,,,,,,,,,,,1,,1.0,,,,0.0,,,,,,3000.0,,,,,,,,90000.0,,,,,0.0,3.0,0.08,10.0,,10.0,,,18.0,,5.0,0.0,,,,,,,,,,0.0,,,,,,
Laser Cutting Machine,,Echo 3300,,5.0,0.73,,4876.0,2438.0,,,,,,,,,18.81,2.0,,1.0,21.78,20.0,FALSE,36.3,1.63,7620.0,10,USA,5.51,300000.0,80.0,6096.0,,,,,,,,,,,,,,,,,,,,,,,,,,,,,,,,,USA 300k price group had more name-rows than distinct source rows; length/width/power reused from closest match,,1,,1.0,,,,0.0,,,,,,3300.0,,,,,,,,60000.0,,,,,0.0,3.0,0.08,10.0,,10.0,,,18.0,,5.0,0.0,,,,,,,,,,0.0,,,,,,
Laser Cutting Machine,,FO-MII 2412 NT,,5.0,0.73,,2520.0,1550.0,,,,,,,,,24.39,2.0,,1.0,16.42,20.0,FALSE,36.3,1.63,5884.0,10,Japan,38.0,308000.0,80.0,2573.0,,,,,,,,,,,,,,,,,,,,,,,,,,,,,,,,,,,1,,1.0,,,,0.0,,,,,,2000.0,,,,,,,,113000.0,,,,,0.0,3.0,0.08,10.0,,10.0,,,18.0,,5.0,0.0,,,,,,,,,,0.0,,,,,,
Laser Cutting Machine,,FO-MII 3015 NT,,5.0,0.73,,3070.0,1550.0,,,,,,,,,36.4,2.0,,1.0,18.54,20.0,FALSE,36.3,1.63,9903.0,10,Japan,53.0,469000.0,80.0,2778.0,,,,,,,,,,,,,,,,,,,,,,,,,,,,,,,,,,,1,,1.0,,,,0.0,,,,,,4000.0,,,,,,,,113000.0,,,,,0.0,3.0,0.08,10.0,,10.0,,,18.0,,5.0,0.0,,,,,,,,,,0.0,,,,,,
Laser Cutting Machine,,FO-MII RI 3015,,5.0,0.73,,3070.0,1270.0,,,,,,,,,36.34,2.0,,1.0,20.36,20.0,FALSE,36.3,1.63,11555.0,10,Japan,53.0,468000.0,80.0,3302.0,,,,,,,,,,,,,,,,,,,,,,,,,,,,,,,,,,,1,,1.0,,,,0.0,,,,,,4000.0,,,,,,,,113000.0,,,,,0.0,3.0,0.08,10.0,,10.0,,,18.0,,5.0,0.0,,,,,,,,,,0.0,,,,,,
Laser Cutting Machine,,LC-2412 F1 NT,,5.0,0.73,,2520.0,1150.0,,,,,,,,,18.76,2.0,,1.0,21.02,20.0,FALSE,36.3,1.63,9478.0,10,Japan,29.63,308000.0,80.0,2912.0,,,,,,,,,,,,,,,,,,,,,,,,,,,,,,,,,,,1,,1.0,,,,0.0,,,,,,2000.0,,,,,,,,90000.0,,,,,0.0,3.0,0.08,10.0,,10.0,,,18.0,,5.0,0.0,,,,,,,,,,0.0,,,,,,
Laser Cutting Machine,,LC-3015 F1 NT,,5.0,0.73,,3070.0,2050.0,,,,,,,,,18.92,2.0,,1.0,21.63,20.0,FALSE,36.3,1.63,9845.0,10,Japan,133.0,323000.0,80.0,2910.0,,,,,,,,,,,,,,,,,,,,,,,,,,,,,,,,,,,1,,1.0,,,,0.0,,,,,,6000.0,,,,,,,,100000.0,,,,,0.0,3.0,0.08,10.0,,10.0,,,18.0,,5.0,0.0,,,,,,,,,,0.0,,,,,,
Laser Cutting Machine,,LC-4020 F1 NT,,5.0,0.73,,4070.0,1550.0,,,,,,,,,37.38,2.0,,1.0,25.81,20.0,FALSE,36.3,1.63,11580.0,10,Japan,133.0,853000.0,80.0,3410.0,,,,,,,,,,,,,,,,,,,,,,,,,,,,,,,,,,,1,,1.0,,,,0.0,,,,,,6000.0,,,,,,,,130000.0,,,,,0.0,3.0,0.08,10.0,,10.0,,,18.0,,5.0,0.0,,,,,,,,,,0.0,,,,,,
Laser Cutting Machine,,LCG-3015,,5.0,0.73,,3070.0,2000.0,,,,,,,,,46.61,2.0,,1.0,25.81,20.0,FALSE,36.3,1.63,4834.13,10,Japan,8.57,468000.0,80.0,11186.16,,,,,,,,,,,,,,,,,,,,,,,,,,,,,,,,,,,1,,1.0,,,,0.0,,,,,,3300.0,,,,,,,,120000.0,,,,,0.0,3.0,0.08,10.0,,10.0,,,18.0,,5.0,0.0,,,,,,,,,,0.0,,,,,,
Laser Cutting Machine,,Laser Cutter - 10000 Watts,,5.0,0.73,,3000.0,1500.0,,,,,,,,,23.12,2.0,,1.0,18.55,20.0,TRUE,36.3,1.63,9950.0,10,Virtual,81.0,950000.0,80.0,4600.0,,,,,,,,,,,,,,,,,,,,,,,,,,,,,,,,,,,1,,1.0,,,,0.0,,,,,,10000.0,,,,,,,,170000.0,,,,,0.0,3.0,0.08,10.0,,10.0,,,18.0,,5.0,0.0,,,,,,,,,,0.0,,,,,,
Laser Cutting Machine,,Laser Cutter - 2000 Watts,,5.0,0.73,,3500.0,1800.0,,,,,,,,,39.65,2.0,,1.0,18.73,20.0,TRUE,36.3,1.63,7000.0,10,Virtual,4.0,300000.0,80.0,6000.0,,,,,,,,,,,,,,,,,,,,,,,,,,,,,,,,,,,1,,1.0,,,,0.0,,,,,,2000.0,,,,,,,,170000.0,,,,,0.0,3.0,0.08,10.0,,10.0,,,18.0,,5.0,0.0,,,,,,,,,,0.0,,,,,,
Laser Cutting Machine,,Laser Cutter - 3000 Watts,,5.0,0.73,,6000.0,3000.0,,,,,,,,,71.73,2.0,,1.0,20.59,20.0,TRUE,36.3,1.63,7600.0,10,Virtual,5.0,300000.0,80.0,7000.0,,,,,,,,,,,,,,,,,,,,,,,,,,,,,,,,,,,1,,1.0,,,,0.0,,,,,,3000.0,,,,,,,,170000.0,,,,,0.0,3.0,0.08,10.0,,10.0,,,18.0,,5.0,0.0,,,,,,,,,,0.0,,,,,,
Laser Cutting Machine,,Laser Cutter - 4000 Watts,,5.0,0.73,,4000.0,2000.0,,,,,,,,,37.85,2.0,,1.0,18.69,20.0,TRUE,36.3,1.63,10000.0,10,Virtual,7.0,600000.0,80.0,7000.0,,,,,,,,,,,,,,,,,,,,,,,,,,,,,,,,,,,1,,1.0,,,,0.0,,,,,,4000.0,,,,,,,,125000.0,,,,,0.0,3.0,0.08,10.0,,10.0,,,18.0,,5.0,0.0,,,,,,,,,,0.0,,,,,,
Laser Cutting Machine,,Laser Cutter - 6000 Watts,,5.0,0.73,,4000.0,2000.0,,,,,,,,,46.7,2.0,,1.0,23.08,20.0,TRUE,36.3,1.63,10000.0,10,Virtual,8.0,750000.0,80.0,7000.0,,,,,,,,,,,,,,,,,,,,,,,,,,,,,,,,,,,1,,1.0,,,,0.0,,,,,,6000.0,,,,,,,,42000.0,,,,,0.0,3.0,0.08,10.0,,10.0,,,18.0,,5.0,0.0,,,,,,,,,,0.0,,,,,,
Laser Cutting Machine,,Laser Cutter - 8000 Watts,,5.0,0.73,,3000.0,1500.0,,,,,,,,,15.13,2.0,,1.0,15.0,20.0,TRUE,36.3,1.63,9950.0,10,Virtual,60.5,850000.0,80.0,4600.0,,,,,,,,,,,,,,,,,,,,,,,,,,,,,,,,,,,1,,1.0,,,,0.0,,,,,,8000.0,,,,,,,,85000.0,,,,,0.0,3.0,0.08,10.0,,10.0,,,18.0,,5.0,0.0,,,,,,,,,,0.0,,,,,,
Laser Cutting Machine,,Mitsubishi NX 6000,,5.0,0.73,,4000.0,1250.0,,,,,,,,,37.82,2.0,,1.0,24.15,20.0,FALSE,36.3,1.63,,10,Japan,,750000.0,80.0,,,,,,,,,,,,,,,,,,,,,,,,,,,,,,,,,,Machine Length/Width/Power(kW) and Rapid Traverse Rate were not visible in the provided screenshots (row appears to have been cut off from the Bottom-Up-Overhead and Time/Rates tables). Bed length/width and all other fields confirmed from source.,,1,,1.0,,,,0.0,,,,,,6000.0,,,,,,,,,,,,,0.0,3.0,0.08,10.0,,10.0,,,18.0,,5.0,0.0,,,,,,,,,,0.0,,,,,,
Laser Cutting Machine,,Quattro,,5.0,0.73,,1250.0,1250.0,,,,,,,,,24.13,2.0,,1.0,21.0,20.0,FALSE,36.3,1.63,2905.0,10,Japan,28.0,180000.0,80.0,2358.0,,,,,,,,,,,,,,,,,,,,,,,,,,,,,,,,,,,1,,1.0,,,,0.0,,,,,,2000.0,,,,,,,,60000.0,,,,,0.0,3.0,0.08,10.0,,10.0,,,18.0,,5.0,0.0,,,,,,,,,,0.0,,,,,,
Laser Cutting Machine,,Trumatic L 4030 - 4000,,5.0,0.73,,4000.0,2000.0,,,,,,,,,24.43,2.0,,1.0,21.54,20.0,FALSE,36.3,1.63,7098.79,10,USA,39.5,500000.0,80.0,5903.93,,,,,,,,,,,,,,,,,,,,,,,,,,,,,,,,,,,1,,1.0,,,,0.0,,,,,,4000.0,,,,,,,,85000.0,,,,,0.0,3.0,0.08,10.0,,10.0,,,18.0,,5.0,0.0,,,,,,,,,,0.0,,,,,,
Laser Cutting Machine,,Trumatic TLF 2700,,5.0,0.73,,6096.0,3048.0,,,,,,,,,69.75,2.0,,1.0,21.66,20.0,FALSE,36.3,1.63,11600.69,10,USA,50.0,300000.0,80.0,5199.89,,,,,,,,,,,,,,,,,,,,,,,,,,,,,,,,,,,1,,1.0,,,,0.0,,,,,,2700.0,,,,,,,,300000.0,,,,,0.0,3.0,0.08,10.0,,10.0,,,18.0,,5.0,0.0,,,,,,,,,,0.0,,,,,,
Laser Cutting Machine,,Trumatic TTLF 3200,,5.0,0.73,,4000.0,2000.0,,,,,,,,,60.6,2.0,,1.0,21.66,20.0,FALSE,36.3,1.63,9799.32,10,USA,41.5,300000.0,80.0,4599.43,,,,,,,,,,,,,,,,,,,,,,,,,,,,,,,,,,,1,,1.0,,,,0.0,,,,,,3200.0,,,,,,,,300000.0,,,,,0.0,3.0,0.08,10.0,,10.0,,,18.0,,5.0,0.0,,,,,,,,,,0.0,,,,,,
Laser Cutting Machine,,Trumpf True Laser 5030 - Truflow 10kW,,5.0,0.73,,3000.0,1500.0,,,,,,,,,76.4,2.0,,1.0,21.66,20.0,FALSE,36.3,1.63,9950.0,10,Germany,125.0,950000.0,80.0,4600.0,,,,,,,,,,,,,,,,,,,,,,,,,,,,,,,,,,,1,,1.0,,,,0.0,,,,,,10000.0,,,,,,,,300000.0,,,,,0.0,3.0,0.08,10.0,,10.0,,,18.0,,5.0,0.0,,,,,,,,,,0.0,,,,,,
Laser Cutting Machine,,Trumpf True Laser 5030 - Truflow 8kW,,5.0,0.73,,3000.0,1500.0,,,,,,,,,65.81,2.0,,1.0,21.66,20.0,FALSE,36.3,1.63,9950.0,10,Germany,95.0,850000.0,80.0,4600.0,,,,,,,,,,,,,,,,,,,,,,,,,,,,,,,,,,,1,,1.0,,,,0.0,,,,,,8000.0,,,,,,,,300000.0,,,,,0.0,3.0,0.08,10.0,,10.0,,,18.0,,5.0,0.0,,,,,,,,,,0.0,,,,,,
Fiber Laser Cutting Machine,,Amada ENSIS-3015 AJ 6kW Fiber,,5.0,0.73,,3070.0,1550.0,,,,,,,Shuttle table,,53.26,1.0,,1.0,16.3,20.0,FALSE,36.3,1.0,10136.0,10,Japan,40.0,780000.0,80.0,2840.0,,,,,,,,,,,,,,25.0,25.0,25.0,12.0,15.0,,,,,,,,,,,,,3048.0,1524.0,,,1,,1.0,,,,0.0,,,,,,6000.0,,,,,,,,,,,,,0.0,3.0,0.08,,,,,,30.0,,5.0,0.0,,,,,,,,,,0.0,,,,,,1.0
Fiber Laser Cutting Machine,,Amada ENSIS-4020 AJ 6kW Fiber,,5.0,0.73,,4070.0,2050.0,,,,,,,Shuttle table,,60.53,1.0,,1.0,17.31,20.0,FALSE,36.3,1.0,12111.0,10,Japan,40.0,900000.0,80.0,3360.0,,,,,,,,,,,,,,25.0,25.0,15.0,15.0,15.0,,,,,,,,,,,,,4048.0,2024.0,,,1,,1.0,,,,0.0,,,,,,6000.0,,,,,,,,,,,,,0.0,3.0,0.08,,,,,,30.0,,5.0,0.0,,,,,,,,,,0.0,,,,,,1.0
Fiber Laser Cutting Machine,,Amada FOL-3015 AJ 4kW Fiber,,5.0,0.73,,3070.0,1550.0,,,,,,,Shuttle table,,37.89,1.0,,1.0,16.19,20.0,FALSE,36.3,1.0,9205.0,10,Japan,56.04,486000.0,80.0,2990.0,,,,,,,,,,,,,,22.0,18.0,16.0,8.0,8.0,,,,,,,,,,,,,3048.0,1524.0,,,1,,1.0,,,,0.0,,,,,,4000.0,,,,,,,,,,,,,0.0,3.0,0.08,,,,,,30.0,,5.0,0.0,,,,,,,,,,0.0,,,,,,1.0
Fiber Laser Cutting Machine,,Amada LCG-3015 AJ 6kW Fiber,,5.0,0.73,,3070.0,1550.0,,,,,,,Shuttle table,,52.78,1.0,,1.0,16.3,20.0,FALSE,36.3,1.0,10136.0,10,Japan,114.5,586000.0,80.0,2840.0,,,,,,,,,,,,,,25.0,25.0,25.0,12.0,15.0,,,,,,,,,,,,,3048.0,1524.0,,,1,,1.0,,,,0.0,,,,,,6000.0,,,,,,,,,,,,,0.0,3.0,0.08,,,,,,30.0,,5.0,0.0,,,,,,,,,,0.0,,,,,,1.0
Fiber Laser Cutting Machine,,Bystronic BySprint 4020 3kW Fiber,,5.0,0.8,,4064.0,2024.0,,,,,,,Shuttle table,,33.7,1.0,,1.0,21.65,20.0,FALSE,36.3,1.0,13700.0,10,Switzerland,22.7,500000.0,80.0,6670.0,,,,,,,,,,,,,,20.0,12.0,12.0,6.0,6.0,,,,,,,,,,,,,4000.0,2000.0,,,1,,1.0,,,,0.0,,,,,,3000.0,,,,,,,,,,,,,0.0,3.0,0.08,,,,,,40.0,,5.0,0.0,,,,,,,,,,0.0,,,,,,1.0
Fiber Laser Cutting Machine,,Bystronic BySprint 4020 6kW Fiber,,5.0,0.8,,4064.0,2024.0,,,,,,,Shuttle table,,44.09,1.0,,1.0,21.65,20.0,FALSE,36.3,1.0,13700.0,10,Switzerland,31.4,650000.0,80.0,6670.0,,,,,,,,,,,,,,25.0,30.0,30.0,12.0,15.0,,,,,,,,,,,,,4000.0,2000.0,,,1,,1.0,,,,0.0,,,,,,6000.0,,,,,,,,,,,,,0.0,3.0,0.08,,,,,,40.0,,5.0,0.0,,,,,,,,,,0.0,,,,,,1.0
Fiber Laser Cutting Machine,,Bystronic BySprint 6520 6kW Fiber,,5.0,0.8,,6614.0,2024.0,,,,,,,Shuttle table,,50.15,1.0,,1.0,24.9,20.0,FALSE,36.3,1.0,19400.0,10,Switzerland,31.4,750000.0,80.0,6670.0,,,,,,,,,,,,,,25.0,30.0,30.0,12.0,15.0,,,,,,,,,,,,,6500.0,2000.0,,,1,,1.0,,,,0.0,,,,,,6000.0,,,,,,,,,,,,,0.0,3.0,0.08,,,,,,40.0,,5.0,0.0,,,,,,,,,,0.0,,,,,,1.0
Fiber Laser Cutting Machine,,Bystronic Bystar 3015 10kW Fiber,,5.0,0.8,,3100.0,1580.0,,,,,,,Shuttle table,,60.69,1.0,,1.0,19.63,20.0,FALSE,36.3,1.0,11900.0,10,Switzerland,46.7,886000.0,80.0,5700.0,,,,,,,,,,,,,,25.0,30.0,30.0,12.0,15.0,,,,,,,,,,,,,3000.0,1500.0,,,1,,1.0,,,,0.0,,,,,,10000.0,,,,,,,,,,,,,0.0,3.0,0.08,,,,,,40.0,,5.0,0.0,,,,,,,,,,0.0,,,,,,1.0
Fiber Laser Cutting Machine,,Durma HD-F 3015 10kW Fiber,,5.0,0.8,,3060.0,1530.0,,,,,,,Shuttle table,,44.28,1.0,,1.0,19.54,20.0,FALSE,36.3,1.0,10750.0,10,Turkey,46.7,614980.0,80.0,6210.0,,,,,,,,,,,,,,30.0,20.0,25.0,15.0,20.0,,,,,,,,,,,,,3048.0,1524.0,,,1,,1.0,,,,0.0,,,,,,10000.0,,,,,,,,,,,,,0.0,3.0,0.08,,,,,,27.0,,5.0,0.0,,,,,,,,,,0.0,,,,,,1.0
Fiber Laser Cutting Machine,,Durma HD-F 3015 4kW Fiber,,5.0,0.8,,3060.0,1530.0,,,,,,,Shuttle table,,27.15,1.0,,1.0,19.54,20.0,FALSE,36.3,1.0,10750.0,10,Turkey,33.0,366180.0,80.0,6210.0,,,,,,,,,,,,,,20.0,10.0,12.0,6.0,10.0,,,,,,,,,,,,,3048.0,1524.0,,,1,,1.0,,,,0.0,,,,,,4000.0,,,,,,,,,,,,,0.0,3.0,0.08,,,,,,27.0,,5.0,0.0,,,,,,,,,,0.0,,,,,,1.0
Fiber Laser Cutting Machine,,Durma HD-F 3015 6kW Fiber,,5.0,0.8,,3060.0,1530.0,,,,,,,Shuttle table,,31.49,1.0,,1.0,19.54,20.0,FALSE,36.3,1.0,10750.0,10,Turkey,40.0,420275.0,80.0,6210.0,,,,,,,,,,,,,,20.0,10.0,10.0,6.0,10.0,,,,,,,,,,,,,3048.0,1524.0,,,1,,1.0,,,,0.0,,,,,,6000.0,,,,,,,,,,,,,0.0,3.0,0.08,,,,,,27.0,,5.0,0.0,,,,,,,,,,0.0,,,,,,1.0
Fiber Laser Cutting Machine,,Durma HD-F 3015 8kW Fiber,,5.0,0.8,,3060.0,1530.0,,,,,,,Shuttle table,,39.41,1.0,,1.0,19.54,20.0,FALSE,36.3,1.0,10750.0,10,Turkey,41.2,548110.0,80.0,6210.0,,,,,,,,,,,,,,25.0,15.0,20.0,12.0,14.0,,,,,,,,,,,,,3048.0,1524.0,,,1,,1.0,,,,0.0,,,,,,8000.0,,,,,,,,,,,,,0.0,3.0,0.08,,,,,,27.0,,5.0,0.0,,,,,,,,,,0.0,,,,,,1.0
Fiber Laser Cutting Machine,,Laser Cutter - 10kW Fiber,,5.0,0.8,,3060.0,1530.0,,,,,,,Shuttle table,,61.54,1.0,,1.0,19.57,20.0,TRUE,36.3,1.0,10980.0,10,Virtual,46.7,900000.0,80.0,6110.0,,,,,,,,,,,,,,30.0,40.0,35.0,12.0,16.0,,,,,,,,,,,,,3048.0,1524.0,,,1,,1.0,,,,0.0,,,,,,10000.0,,,,,,,,,,,,,0.0,3.0,0.08,,,,,,40.0,,5.0,0.0,,,,,,,,,,0.0,,,,,,1.0
Fiber Laser Cutting Machine,,Laser Cutter - 3kW Fiber,,5.0,0.8,,3060.0,1530.0,,,,,,,Shuttle table,,27.64,1.0,,1.0,19.57,20.0,TRUE,36.3,1.0,10980.0,10,Virtual,22.7,400000.0,80.0,6110.0,,,,,,,,,,,,,,22.0,12.0,12.0,4.0,8.0,,,,,,,,,,,,,3048.0,1524.0,,,1,,1.0,,,,0.0,,,,,,3000.0,,,,,,,,,,,,,0.0,3.0,0.08,,,,,,40.0,,5.0,0.0,,,,,,,,,,0.0,,,,,,1.0
Fiber Laser Cutting Machine,,Laser Cutter - 4kW Fiber,,5.0,0.8,,3060.0,1530.0,,,,,,,Shuttle table,,35.25,1.0,,1.0,19.57,20.0,TRUE,36.3,1.0,10980.0,10,Virtual,33.0,500000.0,80.0,6110.0,,,,,,,,,,,,,,25.0,14.0,16.0,6.0,10.0,,,,,,,,,,,,,3048.0,1524.0,,,1,,1.0,,,,0.0,,,,,,4000.0,,,,,,,,,,,,,0.0,3.0,0.08,,,,,,40.0,,5.0,0.0,,,,,,,,,,0.0,,,,,,1.0
Fiber Laser Cutting Machine,,Laser Cutter - 6kW Fiber,,5.0,0.8,,3060.0,1530.0,,,,,,,Shuttle table,,41.72,1.0,,1.0,19.57,20.0,TRUE,36.3,1.0,10980.0,10,Virtual,35.7,600000.0,80.0,6110.0,,,,,,,,,,,,,,25.0,20.0,20.0,8.0,12.0,,,,,,,,,,,,,3048.0,1524.0,,,1,,1.0,,,,0.0,,,,,,6000.0,,,,,,,,,,,,,0.0,3.0,0.08,,,,,,40.0,,5.0,0.0,,,,,,,,,,0.0,,,,,,1.0
Fiber Laser Cutting Machine,,Laser Cutter - 8kW Fiber,,5.0,0.8,,3060.0,1530.0,,,,,,,Shuttle table,,48.6,1.0,,1.0,19.57,20.0,TRUE,36.3,1.0,10980.0,10,Virtual,41.2,700000.0,80.0,6110.0,,,,,,,,,,,,,,25.0,30.0,25.0,10.0,16.0,,,,,,,,,,,,,3048.0,1524.0,,,1,,1.0,,,,0.0,,,,,,8000.0,,,,,,,,,,,,,0.0,3.0,0.08,,,,,,40.0,,5.0,0.0,,,,,,,,,,0.0,,,,,,1.0
Fiber Laser Cutting Machine,,Mitsubishi 800 Series 3015 eX-F10 10kW Fiber,,5.0,0.8,,3050.0,1525.0,,,,,,,Shuttle table,,52.91,1.0,,1.0,16.45,20.0,FALSE,36.3,1.0,10375.9,10,Japan,46.7,757490.0,80.0,2951.48,,,,,,,,,,,,,,25.0,25.0,25.0,10.0,15.0,,,,,,,,,,,,,3000.0,1500.0,,,1,,1.0,,,,0.0,,,,,,10000.0,,,,,,,,,,,,,0.0,3.0,0.08,,,,,,40.0,,5.0,0.0,,,,,,,,,,0.0,,,,,,1.0
Fiber Laser Cutting Machine,,Mitsubishi 800 Series 3015 eX-F8 8kW Fiber,,5.0,0.8,,3050.0,1525.0,,,,,,,Shuttle table,,47.7,1.0,,1.0,16.45,20.0,FALSE,36.3,1.0,10375.9,10,Japan,41.2,685180.0,80.0,2951.48,,,,,,,,,,,,,,25.0,25.0,25.0,8.0,12.0,,,,,,,,,,,,,3000.0,1500.0,,,1,,1.0,,,,0.0,,,,,,8000.0,,,,,,,,,,,,,0.0,3.0,0.08,,,,,,40.0,,5.0,0.0,,,,,,,,,,0.0,,,,,,1.0
Fiber Laser Cutting Machine,,Mitsubishi 800 Series 3015 eXZ-F60 6kW Fiber,,5.0,0.8,,3050.0,1525.0,,,,,,,Shuttle table,,38.74,1.0,,1.0,16.45,20.0,FALSE,36.3,1.0,10375.9,10,Japan,35.7,550900.0,80.0,2951.48,,,,,,,,,,,,,,20.0,12.0,12.0,8.0,12.0,,,,,,,,,,,,,3000.0,1500.0,,,1,,1.0,,,,0.0,,,,,,6000.0,,,,,,,,,,,,,0.0,3.0,0.08,,,,,,40.0,,5.0,0.0,,,,,,,,,,0.0,,,,,,1.0
Fiber Laser Cutting Machine,,Mitsubishi ML 3015 sR-F30 3kW Fiber,,5.0,0.8,,4064.0,1524.0,,,,,,,Shuttle table,,29.23,1.0,,1.0,16.59,20.0,FALSE,36.3,1.0,10312.4,10,Japan,22.7,426260.0,80.0,3129.28,,,,,,,,,,,,,,20.0,12.0,10.0,8.0,5.0,,,,,,,,,,,,,4000.0,2000.0,,,1,,1.0,,,,0.0,,,,,,3000.0,,,,,,,,,,,,,0.0,3.0,0.08,,,,,,40.0,,5.0,0.0,,,,,,,,,,0.0,,,,,,1.0
Fiber Laser Cutting Machine,,Salvagnini L3-30 2kW Fiber,,5.0,0.8,,3050.0,1525.0,,,,,,,Shuttle table,,20.88,1.0,,1.0,17.81,20.0,FALSE,36.3,1.0,7620.0,10,Italy,18.0,300000.0,80.0,6096.0,,,,,,,,,,,,,,15.0,10.0,8.0,5.0,5.0,,,,,,,,,,,,,3000.0,1500.0,,,1,,1.0,,,,0.0,,,,,,2000.0,,,,,,,,,,,,,0.0,3.0,0.08,,,,,,40.0,,5.0,0.0,,,,,,,,,,0.0,,,,,,1.0
Fiber Laser Cutting Machine,,Salvagnini L3-40 3kW Fiber,,5.0,0.8,,3048.0,1524.0,,,,,,,Shuttle table,,30.56,1.0,,1.0,17.81,20.0,FALSE,36.3,1.0,7620.0,10,Italy,18.0,450000.0,80.0,6096.0,,,,,,,,,,,,,,20.0,12.0,10.0,8.0,5.0,,,,,,,,,,,,,3000.0,1500.0,,,1,,1.0,,,,0.0,,,,,,4000.0,,,,,,,,,,,,,0.0,3.0,0.08,,,,,,40.0,,5.0,0.0,,,,,,,,,,0.0,,,,,,1.0
Fiber Laser Cutting Machine,,Trumpf TruLaser 1030 TruDisk 3001 3kW Fiber,,5.0,0.8,,4064.0,1524.0,,,,,,,Shuttle table,,29.95,1.0,,1.0,15.7,20.0,FALSE,36.3,1.0,7800.0,10,Germany,22.7,438100.0,80.0,2800.0,,,,,,,,,,,,,,20.0,16.0,10.0,4.0,4.0,,,,,,,,,,,,,4000.0,2000.0,,,1,,1.0,,,,0.0,,,,,,3000.0,,,,,,,,,,,,,0.0,3.0,0.08,,,,,,40.0,,5.0,0.0,,,,,,,,,,0.0,,,,,,1.0
Fiber Laser Cutting Machine,,Trumpf TruLaser 3030 6kW Fiber,,5.0,0.8,,3050.0,1525.0,,,,,,,Shuttle table,,50.19,1.0,,1.0,17.45,20.0,FALSE,36.3,1.0,8813.8,10,Germany,35.7,740000.0,80.0,4800.6,,,,,,,,,,,,,,25.0,16.0,10.0,4.0,4.0,,,,,,,,,,,,,3000.0,1500.0,,,1,,1.0,,,,0.0,,,,,,6000.0,,,,,,,,,,,,,0.0,3.0,0.08,,,,,,40.0,,5.0,0.0,,,,,,,,,,0.0,,,,,,1.0
Fiber Laser Cutting Machine,,Trumpf TruLaser 5030 10kW Fiber,,5.0,0.8,,3050.0,1525.0,,,,,,,Shuttle table,,81.46,1.0,,1.0,17.45,20.0,FALSE,36.3,1.0,8813.8,10,Germany,46.7,1229180.0,80.0,4800.6,,,,,,,,,,,,,,30.0,40.0,30.0,16.0,12.0,,,,,,,,,,,,,3000.0,1500.0,,,1,,1.0,,,,0.0,,,,,,10000.0,,,,,,,,,,,,,0.0,3.0,0.08,,,,,,40.0,,5.0,0.0,,,,,,,,,,0.0,,,,,,1.0
Cut To Length Line (CTL),,"Cut To Length Line - 12mm Max Steel, 21mm Max Aluminum Thickness",,5.0,1.0,,,,,-3.69,-4.9,,25.0,,,,16.64,3.0,,1.0,49.59,20.0,TRUE,29.95,1.3,15240.0,10,Virtual,10.0,250000.0,80.0,9144.0,0.98,0.98,,,,,,,,,,,,,,,,,21.0,16.8,21.0,10.8,12.0,,,,,,,,,,,,,,1.0,,,,0.0,,,,,,,,,,,,,,,,1829.0,,,0.0,,0.14,,,,,,,,,,,,,,,,,,,0.0,,,0.0,,,1.0
Cut To Length Line (CTL),,"Cut To Length Line - 6mm Max Steel, 12mm Max Aluminum Thickness",,5.0,1.0,,,,,-3.69,-4.9,,25.0,,,,16.64,3.0,,1.0,49.59,20.0,TRUE,29.95,1.3,15240.0,10,Virtual,10.0,250000.0,80.0,9144.0,0.98,0.98,,,,,,,,,,,,,,,,,12.0,8.0,12.0,5.0,6.0,,,,,,,,,,,,,,1.0,,,,0.0,,,,,,,,,,,,,,,,1829.0,,,0.0,,0.14,,,,,,,,,,,,,,,,,,,0.0,,,0.0,,,1.0
Cut To Length Line (CTL),,Default CTL,,5.0,1.0,,,,,-3.69,-4.9,,25.0,,,,16.64,3.0,,1.0,49.59,20.0,FALSE,29.95,1.3,15240.0,10,USA,10.0,250000.0,80.0,9144.0,0.98,0.98,,,,,,,,,,,,,,,,,21.0,16.8,21.0,10.8,12.0,,,,,,,,,,,,,,1.0,,,,0.0,,,,,,,,,,,,,,,,1829.0,,,0.0,,0.14,,,,,,,,,,,,,,,,,,,0.0,,,0.0,,,1.0
Cut To Length Line (CTL),,GMV 102,,5.0,1.0,,,,,-3.69,-4.9,,25.0,,,,16.64,3.0,,1.0,49.59,20.0,FALSE,29.95,1.3,15240.0,10,USA,10.0,250000.0,80.0,9144.0,0.98,0.98,,,,,,,,,,,,,,,,,15.0,12.6,15.0,8.1,9.0,,,,,,,,,,,,,,1.0,,,,0.0,,,,,,,,,,,,,,,,1829.0,,,0.0,,0.14,,,,,,,,,,,,,,,,,,,0.0,,,0.0,,,1.0
Cut To Length Line (CTL),,Heller QLA- Profi,,5.0,1.0,,,,,-3.69,-4.9,,25.0,,,,16.64,3.0,,1.0,49.59,20.0,FALSE,29.95,1.3,15240.0,10,USA,10.0,250000.0,80.0,9144.0,0.98,0.98,,,,,,,,,,,,,,,,,3.5,2.8,3.5,1.8,2.0,,,,,,,,,,,,,,1.0,,,,0.0,,,,,,,,,,,,,,,,2438.0,,,0.0,,0.14,,,,,,,,,,,,,,,,,,,0.0,,,0.0,,,1.0
Cut To Length Line (CTL),,Heller QLA- Turbo10,,5.0,1.0,,,,,-3.69,-4.9,,25.0,,,,16.64,3.0,,1.0,49.59,20.0,FALSE,29.95,1.3,15240.0,10,USA,10.0,250000.0,80.0,9144.0,0.98,0.98,,,,,,,,,,,,,,,,,4.0,3.2,4.0,2.0,2.25,,,,,,,,,,,,,,1.0,,,,0.0,,,,,,,,,,,,,,,,2438.0,,,0.0,,0.14,,,,,,,,,,,,,,,,,,,0.0,,,0.0,,,1.0
Cut To Length Line (CTL),,Heller QLA- Turbo15,,5.0,1.0,,,,,-3.69,-4.9,,25.0,,,,16.64,3.0,,1.0,49.59,20.0,FALSE,29.95,1.3,15240.0,10,USA,10.0,250000.0,80.0,9144.0,0.98,0.98,,,,,,,,,,,,,,,,,3.0,2.5,3.0,1.6,1.75,,,,,,,,,,,,,,1.0,,,,0.0,,,,,,,,,,,,,,,,1829.0,,,0.0,,0.14,,,,,,,,,,,,,,,,,,,0.0,,,0.0,,,1.0
Cut To Length Line (CTL),,INTCOM .25 LINE,,5.0,1.0,,,,,-3.69,-4.9,,25.0,,,,16.64,3.0,,1.0,49.59,20.0,FALSE,29.95,1.3,15240.0,10,USA,10.0,250000.0,80.0,9144.0,0.98,0.98,,,,,,,,,,,,,,,,,12.0,8.4,12.0,5.4,6.0,,,,,,,,,,,,,,1.0,,,,0.0,,,,,,,,,,,,,,,,1219.0,,,0.0,,0.14,,,,,,,,,,,,,,,,,,,0.0,,,0.0,,,1.0
Deslag Machine,,Default Deslag,,5.0,1.0,,,,,,,,,,,,0.27,1.0,,1.0,13.88,20.0,TRUE,29.95,1.0,609.6,10,USA,1.58,500.0,80.0,914.4,,,,,,,,,,,,,,,,,,,,,,,,,,,,,,,,,,,,,1.0,,,,0.0,,,,0.01,,,,,,,,,,,,,,,0.0,,0.0,,,,,,,,,,,,,,,,,,,0.0,,,,,,1.0
Deslag Machine,,Flex - L 1109 S,,5.0,1.0,,,,,,,,,,,,0.23,3.0,,1.0,13.98,20.0,FALSE,29.95,1.0,609.6,10,Germany,1.44,250.0,80.0,914.4,,,,,,,,,,,,,,,,,,,,,,,,,,,,,,,,,,,,,1.0,,,,0.0,,,,0.01,,,,,,,,,,,,,,,0.0,,0.0,,,,,,,,,,,,,,,,,,,0.0,,,,,,1.0
Deslag Machine,,Flex - L 1506 VR,,5.0,1.0,,,,,,,,,,,,0.27,3.0,,1.0,13.98,20.0,FALSE,29.95,1.0,609.6,10,Germany,1.71,250.0,80.0,914.4,,,,,,,,,,,,,,,,,,,,,,,,,,,,,,,,,,,,,1.0,,,,0.0,,,,0.01,,,,,,,,,,,,,,,0.0,,0.0,,,,,,,,,,,,,,,,,,,0.0,,,,,,1.0
Deslag Machine,,Milwaukee - Model 6072,,5.0,1.0,,,,,,,,,,,,0.25,3.0,,1.0,13.98,20.0,FALSE,29.95,1.0,609.6,10,USA,1.58,238.66,80.0,914.4,,,,,,,,,,,,,,,,,,,,,,,,,,,,,,,,,,,,,1.0,,,,0.0,,,,0.01,,,,,,,,,,,,,,,0.0,,0.0,,,,,,,,,,,,,,,,,,,0.0,,,,,,1.0
Deslag Machine,,Milwaukee - Model 6078,,5.0,1.0,,,,,,,,,,,,0.25,3.0,,1.0,13.98,20.0,FALSE,29.95,1.0,609.6,10,USA,1.58,194.0,80.0,914.4,,,,,,,,,,,,,,,,,,,,,,,,,,,,,,,,,,,,,1.0,,,,0.0,,,,0.01,,,,,,,,,,,,,,,0.0,,0.0,,,,,,,,,,,,,,,,,,,0.0,,,,,,1.0
Laser Punch / Punch Press,"Rows matched via consistent name-order across all 7 screenshots (confirmed via the highlighted Muratec Motorum Hybrid 2558 2000W row appearing at position 18 in images 4-7). Image 3's Rates/Limits table appeared to have slightly fewer visible rows than the other tables (23 vs 26), so punch_rate/nibble_rate/rapid_traverse_rate/max_sheet_width/max_thickness values for a couple of Amada models (rows 5-6) carry a small risk of a 1-row misalignment - worth spot-checking Amada EML 3610 NT (4000W) against source if precision matters.",Amada ACIES 2512 B (4000W),,5.0,0.85,,,,,,,628.0,,,,,43.24,2.0,1315.0,1.0,21.87,20.0,FALSE,36.3,1.63,7870.0,10,Japan,41.0,612000.0,80.0,5970.0,,,,13.0,,,,114.3,,,2550.0,1270.0,,,,,,,6.0,6.0,6.0,6.0,6.0,0.5,,,,860.0,6.35,0.5,,,,,,,1.0,32,,,0.0,3.5,1300.0,0.7,,,4000.0,,,300.0,,,,420.0,128000.0,,,,,0.0,3.0,0.5,,10.0,,10.0,,18.0,,5.0,0.0,355.0,0.08,,6.35,12.7,25.4,50.8,101.6,,0.0,4.0,,,,,
Laser Punch / Punch Press,"Rows matched via consistent name-order across all 7 screenshots (confirmed via the highlighted Muratec Motorum Hybrid 2558 2000W row appearing at position 18 in images 4-7). Image 3's Rates/Limits table appeared to have slightly fewer visible rows than the other tables (23 vs 26), so punch_rate/nibble_rate/rapid_traverse_rate/max_sheet_width/max_thickness values for a couple of Amada models (rows 5-6) carry a small risk of a 1-row misalignment - worth spot-checking Amada EML 3610 NT (4000W) against source if precision matters.",Amada ACIES 2512 T-AJ (4000W),,5.0,0.85,,,,,,,628.0,,,,,96.22,2.0,1315.0,1.0,20.94,20.0,FALSE,36.3,1.63,6930.0,10,Japan,44.0,1479600.0,80.0,5996.0,,,,13.0,,,,114.3,,,2550.0,1270.0,,,,,,,6.0,6.0,6.0,6.0,6.0,0.5,,,,860.0,6.35,0.5,,,,,,,1.0,32,,,0.0,3.5,1300.0,0.7,,,4000.0,,,300.0,,,,420.0,128000.0,,,,,0.0,3.0,0.5,,10.0,,10.0,,18.0,,5.0,0.0,355.0,0.08,,6.35,12.7,25.4,50.8,101.6,,0.0,4.0,,,,,
Laser Punch / Punch Press,"Rows matched via consistent name-order across all 7 screenshots (confirmed via the highlighted Muratec Motorum Hybrid 2558 2000W row appearing at position 18 in images 4-7). Image 3's Rates/Limits table appeared to have slightly fewer visible rows than the other tables (23 vs 26), so punch_rate/nibble_rate/rapid_traverse_rate/max_sheet_width/max_thickness values for a couple of Amada models (rows 5-6) carry a small risk of a 1-row misalignment - worth spot-checking Amada EML 3610 NT (4000W) against source if precision matters.",Amada ACIES 2515 B-AJ (4000W),,5.0,0.85,,,,,,,628.0,,,,,95.76,2.0,1315.0,1.0,21.23,20.0,FALSE,36.3,1.63,6242.0,10,Japan,41.0,1479600.0,80.0,6926.0,,,,13.0,,,,114.3,,,2550.0,1525.0,,,,,,,6.0,6.0,6.0,6.0,6.0,0.5,,,,860.0,6.35,0.5,,,,,,,1.0,32,,,0.0,3.5,1300.0,0.7,,,4000.0,,,300.0,,,,420.0,128000.0,,,,,0.0,3.0,0.5,,10.0,,10.0,,18.0,,5.0,0.0,355.0,0.08,,6.35,12.7,25.4,50.8,101.6,,0.0,4.0,,,,,
Laser Punch / Punch Press,"Rows matched via consistent name-order across all 7 screenshots (confirmed via the highlighted Muratec Motorum Hybrid 2558 2000W row appearing at position 18 in images 4-7). Image 3's Rates/Limits table appeared to have slightly fewer visible rows than the other tables (23 vs 26), so punch_rate/nibble_rate/rapid_traverse_rate/max_sheet_width/max_thickness values for a couple of Amada models (rows 5-6) carry a small risk of a 1-row misalignment - worth spot-checking Amada EML 3610 NT (4000W) against source if precision matters.",Amada ACIES 2515 T (4000W),,5.0,0.85,,,,,,,628.0,,,,,43.7,2.0,1315.0,1.0,21.98,20.0,FALSE,36.3,1.63,7975.0,10,Japan,44.0,612000.0,80.0,5970.0,,,,13.0,,,,114.3,,,2550.0,1525.0,,,,,,,6.0,6.0,6.0,6.0,6.0,0.5,,,,800.0,6.35,0.5,,,,,,,1.0,32,,,0.0,3.5,1300.0,0.7,,,4000.0,,,300.0,,,,410.0,128000.0,,,,,0.0,3.0,0.5,,10.0,,10.0,,18.0,,5.0,0.0,355.0,0.08,,6.35,12.7,25.4,50.8,101.6,,0.0,4.0,,,,,
Laser Punch / Punch Press,"Rows matched via consistent name-order across all 7 screenshots (confirmed via the highlighted Muratec Motorum Hybrid 2558 2000W row appearing at position 18 in images 4-7). Image 3's Rates/Limits table appeared to have slightly fewer visible rows than the other tables (23 vs 26), so punch_rate/nibble_rate/rapid_traverse_rate/max_sheet_width/max_thickness values for a couple of Amada models (rows 5-6) carry a small risk of a 1-row misalignment - worth spot-checking Amada EML 3610 NT (4000W) against source if precision matters.",Amada EML 3510 NT (2000W),,5.0,0.85,,,,,,,628.0,,,,,48.81,2.0,1315.0,1.0,18.58,20.0,FALSE,36.3,1.63,5422.0,10,Japan,27.0,739000.0,80.0,5120.0,,,,13.0,,,,114.3,,,2500.0,1270.0,,,,,,,6.0,6.0,6.0,6.0,6.0,0.5,,,,665.0,6.35,0.5,,,,,,,1.0,27,,,0.0,3.5,1300.0,0.7,,,2000.0,,,300.0,,,,300.0,100000.0,,,,,0.0,3.0,0.5,,10.0,,10.0,,18.0,,5.0,0.0,355.0,0.08,,6.35,12.7,25.4,50.8,101.6,,0.0,3.0,,,,,
Laser Punch / Punch Press,"Rows matched via consistent name-order across all 7 screenshots (confirmed via the highlighted Muratec Motorum Hybrid 2558 2000W row appearing at position 18 in images 4-7). Image 3's Rates/Limits table appeared to have slightly fewer visible rows than the other tables (23 vs 26), so punch_rate/nibble_rate/rapid_traverse_rate/max_sheet_width/max_thickness values for a couple of Amada models (rows 5-6) carry a small risk of a 1-row misalignment - worth spot-checking Amada EML 3610 NT (4000W) against source if precision matters.",Amada EML 3610 NT (4000W),,5.0,0.85,,,,,,,628.0,,,,,64.01,2.0,1315.0,1.0,18.1,20.0,FALSE,36.3,1.63,4877.0,10,Japan,27.0,990000.0,80.0,5120.0,,,,13.0,,,,114.3,,,2500.0,1270.0,,,,,,,6.0,6.0,6.0,6.0,6.0,0.5,,,,645.0,6.35,0.5,,,,,,,1.0,27,,,0.0,3.5,1300.0,0.7,,,4000.0,,,300.0,,,,280.0,100000.0,,,,,0.0,3.0,0.5,,10.0,,10.0,,18.0,,5.0,0.0,355.0,0.08,,6.35,12.7,25.4,50.8,101.6,,0.0,3.0,,,,,
Laser Punch / Punch Press,"Rows matched via consistent name-order across all 7 screenshots (confirmed via the highlighted Muratec Motorum Hybrid 2558 2000W row appearing at position 18 in images 4-7). Image 3's Rates/Limits table appeared to have slightly fewer visible rows than the other tables (23 vs 26), so punch_rate/nibble_rate/rapid_traverse_rate/max_sheet_width/max_thickness values for a couple of Amada models (rows 5-6) carry a small risk of a 1-row misalignment - worth spot-checking Amada EML 3610 NT (4000W) against source if precision matters.",Amada LC 1212 C1 NT (2000W),,5.0,0.85,,,,,,,628.0,,,,,64.73,2.0,1315.0,1.0,16.46,20.0,FALSE,36.3,1.63,4650.0,10,Japan,55.0,932000.0,80.0,3305.0,,,,13.0,,,,114.3,,,1770.0,1270.0,,,,,,,6.0,6.0,6.0,6.0,6.0,0.5,,,,650.0,6.35,0.5,,,,,,,1.0,55,,,0.0,3.5,1300.0,0.7,,,2000.0,,,200.0,,,,370.0,100000.0,,,,,0.0,3.0,0.5,,10.0,,10.0,,18.0,,5.0,0.0,355.0,0.08,,6.35,12.7,25.4,50.8,101.6,,0.0,3.0,,,,,
Laser Punch / Punch Press,"Rows matched via consistent name-order across all 7 screenshots (confirmed via the highlighted Muratec Motorum Hybrid 2558 2000W row appearing at position 18 in images 4-7). Image 3's Rates/Limits table appeared to have slightly fewer visible rows than the other tables (23 vs 26), so punch_rate/nibble_rate/rapid_traverse_rate/max_sheet_width/max_thickness values for a couple of Amada models (rows 5-6) carry a small risk of a 1-row misalignment - worth spot-checking Amada EML 3610 NT (4000W) against source if precision matters.",Amada LC 2012 C1 NT (2000W),,5.0,0.85,,,,,,,628.0,,,,,64.06,2.0,1315.0,1.0,16.09,20.0,FALSE,36.3,1.63,4955.0,10,Japan,55.0,921000.0,80.0,2665.0,,,,13.0,,,,114.3,,,2000.0,1270.0,,,,,,,6.0,6.0,6.0,6.0,6.0,0.5,,,,650.0,6.35,0.5,,,,,,,1.0,55,,,0.0,3.5,1300.0,0.7,,,2000.0,,,200.0,,,,280.0,79980.0,,,,,0.0,3.0,0.5,,10.0,,10.0,,18.0,,5.0,0.0,355.0,0.08,,6.35,12.7,25.4,50.8,101.6,,0.0,4.0,,,,,
Laser Punch / Punch Press,"Rows matched via consistent name-order across all 7 screenshots (confirmed via the highlighted Muratec Motorum Hybrid 2558 2000W row appearing at position 18 in images 4-7). Image 3's Rates/Limits table appeared to have slightly fewer visible rows than the other tables (23 vs 26), so punch_rate/nibble_rate/rapid_traverse_rate/max_sheet_width/max_thickness values for a couple of Amada models (rows 5-6) carry a small risk of a 1-row misalignment - worth spot-checking Amada EML 3610 NT (4000W) against source if precision matters.",Amada LC 2512 C1 AJ (2000W),,5.0,0.85,,,,,,,628.0,,,,,71.99,2.0,1315.0,1.0,19.74,20.0,FALSE,36.3,1.63,5756.0,10,Japan,37.3,1096200.0,80.0,5996.0,,,,13.0,,,,88.9,,,2500.0,1500.0,,,,,,,6.0,6.0,6.0,6.0,6.0,0.5,,,,960.0,6.35,0.5,,,,,,,1.0,46,,,0.0,3.5,1300.0,0.7,,,2000.0,,,200.0,,,,480.0,120000.0,,,,,0.0,3.0,0.5,,10.0,,10.0,,18.0,,5.0,0.0,355.0,0.08,,6.35,12.7,25.4,50.8,101.6,,0.0,4.0,,,,,
Laser Punch / Punch Press,"Rows matched via consistent name-order across all 7 screenshots (confirmed via the highlighted Muratec Motorum Hybrid 2558 2000W row appearing at position 18 in images 4-7). Image 3's Rates/Limits table appeared to have slightly fewer visible rows than the other tables (23 vs 26), so punch_rate/nibble_rate/rapid_traverse_rate/max_sheet_width/max_thickness values for a couple of Amada models (rows 5-6) carry a small risk of a 1-row misalignment - worth spot-checking Amada EML 3610 NT (4000W) against source if precision matters.",Amada LC 2515 C1 AJ (3000W),,5.0,0.85,,,,,,,628.0,,,,,71.99,2.0,1315.0,1.0,21.3,20.0,FALSE,36.3,1.63,5934.0,10,Japan,37.3,1096200.0,80.0,6299.0,,,,13.0,,,,88.9,,,3048.0,1524.0,,,,,,,6.0,6.0,6.0,6.0,6.0,0.5,,,,880.0,6.35,0.5,,,,,,,1.0,44,,,0.0,3.5,1300.0,0.7,,,3000.0,,,200.0,,,,440.0,120000.0,,,,,0.0,3.0,0.5,,10.0,,10.0,,18.0,,5.0,0.0,355.0,0.08,,6.35,12.7,25.4,50.8,101.6,,0.0,4.0,,,,,
Laser Punch / Punch Press,"Rows matched via consistent name-order across all 7 screenshots (confirmed via the highlighted Muratec Motorum Hybrid 2558 2000W row appearing at position 18 in images 4-7). Image 3's Rates/Limits table appeared to have slightly fewer visible rows than the other tables (23 vs 26), so punch_rate/nibble_rate/rapid_traverse_rate/max_sheet_width/max_thickness values for a couple of Amada models (rows 5-6) carry a small risk of a 1-row misalignment - worth spot-checking Amada EML 3610 NT (4000W) against source if precision matters.",Danobat Silver 30,,5.0,0.85,,,,,,,627.5,,,,,51.44,2.0,1315.0,1.0,17.68,20.0,FALSE,36.3,1.63,7500.0,10,Spain,50.0,725000.0,80.0,3000.0,,,,13.0,,,,88.9,,,3000.0,1500.0,,,,,,,6.0,6.0,6.0,6.0,6.0,0.5,,,,960.0,6.35,0.5,,,,,,,1.0,43,,,0.0,3.5,1300.0,0.7,,,2000.0,,,300.0,,,,480.0,120000.0,,,,,0.0,3.0,0.5,,10.0,,10.0,,18.0,,5.0,0.0,355.0,0.08,,6.35,12.7,25.4,50.8,101.6,,0.0,5.0,,,,,
Laser Punch / Punch Press,"Rows matched via consistent name-order across all 7 screenshots (confirmed via the highlighted Muratec Motorum Hybrid 2558 2000W row appearing at position 18 in images 4-7). Image 3's Rates/Limits table appeared to have slightly fewer visible rows than the other tables (23 vs 26), so punch_rate/nibble_rate/rapid_traverse_rate/max_sheet_width/max_thickness values for a couple of Amada models (rows 5-6) carry a small risk of a 1-row misalignment - worth spot-checking Amada EML 3610 NT (4000W) against source if precision matters.",Danobat Silver 40,,5.0,0.85,,,,,,,627.5,,,,,53.86,2.0,1315.0,1.0,18.2,20.0,FALSE,36.3,1.63,8500.0,10,Spain,50.0,765000.0,80.0,3000.0,,,,13.0,,,,88.9,,,4000.0,1500.0,,,,,,,6.0,6.0,6.0,6.0,6.0,0.5,,,,880.0,6.35,0.5,,,,,,,1.0,43,,,0.0,3.5,1300.0,0.7,,,2000.0,,,300.0,,,,440.0,120000.0,,,,,0.0,3.0,0.5,,10.0,,10.0,,18.0,,5.0,0.0,355.0,0.08,,6.35,12.7,25.4,50.8,101.6,,0.0,5.0,,,,,
Laser Punch / Punch Press,"Rows matched via consistent name-order across all 7 screenshots (confirmed via the highlighted Muratec Motorum Hybrid 2558 2000W row appearing at position 18 in images 4-7). Image 3's Rates/Limits table appeared to have slightly fewer visible rows than the other tables (23 vs 26), so punch_rate/nibble_rate/rapid_traverse_rate/max_sheet_width/max_thickness values for a couple of Amada models (rows 5-6) carry a small risk of a 1-row misalignment - worth spot-checking Amada EML 3610 NT (4000W) against source if precision matters.",LVD Strippit 1250 MXP/30 LaserTool,,5.0,0.85,,,,,,,627.5,,,,,46.66,2.0,1315.0,1.0,17.72,20.0,FALSE,36.3,1.63,5384.8,10,Belgium,52.56,639529.87,80.0,4216.4,,,,13.0,,,,114.3,,,2032.0,1270.0,,,,,,,9.53,9.53,9.53,9.53,9.53,0.5,,,,575.0,6.35,0.5,,,,,,,1.0,42,,,0.0,3.5,1300.0,0.7,,,2500.0,,,328.81,,,,315.0,81280.0,,,,,0.0,3.0,0.5,,10.0,,10.0,,18.0,,5.0,0.0,355.0,0.08,,6.35,12.7,25.4,50.8,101.6,,0.0,5.0,,,,,
Laser Punch / Punch Press,"Rows matched via consistent name-order across all 7 screenshots (confirmed via the highlighted Muratec Motorum Hybrid 2558 2000W row appearing at position 18 in images 4-7). Image 3's Rates/Limits table appeared to have slightly fewer visible rows than the other tables (23 vs 26), so punch_rate/nibble_rate/rapid_traverse_rate/max_sheet_width/max_thickness values for a couple of Amada models (rows 5-6) carry a small risk of a 1-row misalignment - worth spot-checking Amada EML 3610 NT (4000W) against source if precision matters.",Laser Punch - 2000 Watts 280kN Press Force,,5.0,0.85,,,,,,,628.5,,,,,45.59,2.0,1315.0,1.0,19.35,20.0,TRUE,36.3,1.63,7500.0,10,Virtual,50.0,700000.0,80.0,4300.0,,,,13.0,,,,90.0,,,5000.0,1550.0,,,,,,,6.0,6.0,6.0,6.0,6.0,0.5,,,,800.0,6.35,0.5,,,,,,,1.0,50,,,0.0,3.5,1300.0,0.7,,,2000.0,,,280.0,,,,450.0,120000.0,,,,,0.0,3.0,0.5,,10.0,,10.0,,18.0,,5.0,0.0,355.0,0.08,,6.35,12.7,25.4,50.8,101.6,,0.0,5.0,,,,,
Laser Punch / Punch Press,"Rows matched via consistent name-order across all 7 screenshots (confirmed via the highlighted Muratec Motorum Hybrid 2558 2000W row appearing at position 18 in images 4-7). Image 3's Rates/Limits table appeared to have slightly fewer visible rows than the other tables (23 vs 26), so punch_rate/nibble_rate/rapid_traverse_rate/max_sheet_width/max_thickness values for a couple of Amada models (rows 5-6) carry a small risk of a 1-row misalignment - worth spot-checking Amada EML 3610 NT (4000W) against source if precision matters.",Laser Punch - 2500 Watts 250kN Press Force,,5.0,0.85,,,,,,,629.5,,,,,49.06,2.0,1315.0,1.0,22.04,20.0,TRUE,36.3,1.63,8000.0,10,Virtual,55.0,750000.0,80.0,6000.0,,,,13.0,,,,115.0,,,5000.0,1550.0,,,,,,,8.0,8.0,8.0,8.0,8.0,0.5,,,,800.0,6.35,0.5,,,,,,,1.0,150,,,0.0,3.5,1300.0,0.7,,,2500.0,,,250.0,,,,700.0,110000.0,,,,,0.0,3.0,0.5,,10.0,,10.0,,18.0,,5.0,0.0,355.0,0.08,,6.35,12.7,25.4,50.8,101.6,,0.0,4.0,,,,,
Laser Punch / Punch Press,"Rows matched via consistent name-order across all 7 screenshots (confirmed via the highlighted Muratec Motorum Hybrid 2558 2000W row appearing at position 18 in images 4-7). Image 3's Rates/Limits table appeared to have slightly fewer visible rows than the other tables (23 vs 26), so punch_rate/nibble_rate/rapid_traverse_rate/max_sheet_width/max_thickness values for a couple of Amada models (rows 5-6) carry a small risk of a 1-row misalignment - worth spot-checking Amada EML 3610 NT (4000W) against source if precision matters.",Laser Punch - 3000 Watts 220kN Press Force,,5.0,0.85,,,,,,,630.0,,,,,57.97,2.0,1315.0,1.0,23.41,20.0,TRUE,36.3,1.63,8000.0,10,Virtual,60.0,900000.0,80.0,7000.0,,,,13.0,,,,115.0,,,5000.0,1550.0,,,,,,,8.0,8.0,8.0,8.0,8.0,0.5,,,,1000.0,6.35,0.5,,,,,,,1.0,190,,,0.0,3.5,1300.0,0.7,,,3000.0,,,220.0,,,,900.0,110000.0,,,,,0.0,3.0,0.5,,10.0,,10.0,,18.0,,5.0,0.0,355.0,0.08,,6.35,12.7,25.4,50.8,101.6,,0.0,4.0,,,,,
Laser Punch / Punch Press,"Rows matched via consistent name-order across all 7 screenshots (confirmed via the highlighted Muratec Motorum Hybrid 2558 2000W row appearing at position 18 in images 4-7). Image 3's Rates/Limits table appeared to have slightly fewer visible rows than the other tables (23 vs 26), so punch_rate/nibble_rate/rapid_traverse_rate/max_sheet_width/max_thickness values for a couple of Amada models (rows 5-6) carry a small risk of a 1-row misalignment - worth spot-checking Amada EML 3610 NT (4000W) against source if precision matters.",Laser Punch - 4000 Watts 220kN Press Force,,5.0,0.85,,,,,,,631.0,,,,,64.91,2.0,1315.0,1.0,23.41,20.0,TRUE,36.3,1.63,8000.0,10,Virtual,70.0,1000000.0,80.0,7000.0,,,,13.0,,,,120.0,,,5000.0,1550.0,,,,,,,8.0,8.0,8.0,8.0,8.0,0.5,,,,1200.0,6.35,0.5,,,,,,,1.0,190,,,0.0,3.5,1300.0,0.7,,,4000.0,,,220.0,,,,900.0,110000.0,,,,,0.0,3.0,0.5,,10.0,,10.0,,18.0,,5.0,0.0,355.0,0.08,,6.35,12.7,25.4,50.8,101.6,,0.0,4.0,,,,,
Laser Punch / Punch Press,"Rows matched via consistent name-order across all 7 screenshots (confirmed via the highlighted Muratec Motorum Hybrid 2558 2000W row appearing at position 18 in images 4-7). Image 3's Rates/Limits table appeared to have slightly fewer visible rows than the other tables (23 vs 26), so punch_rate/nibble_rate/rapid_traverse_rate/max_sheet_width/max_thickness values for a couple of Amada models (rows 5-6) carry a small risk of a 1-row misalignment - worth spot-checking Amada EML 3610 NT (4000W) against source if precision matters.",Muratec Motorum Hybrid 2558 (2000W),,5.0,0.85,,,,,,,627.5,,,,,47.39,2.0,1315.0,1.0,22.52,20.0,FALSE,36.3,1.63,7360.0,10,Japan,51.2,655000.0,80.0,6900.0,,,,13.0,,,,120.0,,,5000.0,1525.0,,,,,,,6.35,6.35,6.35,6.35,6.35,0.5,,,,800.0,6.35,0.5,,,,,,,1.0,54,,,0.0,3.5,1300.0,0.7,,,2000.0,,,245.0,,,,400.0,125000.0,,,,,0.0,3.0,0.5,,10.0,,10.0,,18.0,,5.0,0.0,355.0,0.08,,6.35,12.7,25.4,50.8,101.6,,0.0,5.0,,,,,
Laser Punch / Punch Press,"Rows matched via consistent name-order across all 7 screenshots (confirmed via the highlighted Muratec Motorum Hybrid 2558 2000W row appearing at position 18 in images 4-7). Image 3's Rates/Limits table appeared to have slightly fewer visible rows than the other tables (23 vs 26), so punch_rate/nibble_rate/rapid_traverse_rate/max_sheet_width/max_thickness values for a couple of Amada models (rows 5-6) carry a small risk of a 1-row misalignment - worth spot-checking Amada EML 3610 NT (4000W) against source if precision matters.",Muratec Motorum Hybrid 2558 (4000W),,5.0,0.85,,,,,,,627.5,,,,,55.07,2.0,1315.0,1.0,22.52,20.0,FALSE,36.3,1.63,7360.0,10,Japan,51.2,710000.0,80.0,6900.0,,,,13.0,,,,120.0,,,5000.0,1525.0,,,,,,,6.35,6.35,6.35,6.35,6.35,0.5,,,,800.0,6.35,0.5,,,,,,,1.0,54,,,0.0,3.5,1300.0,0.7,,,4000.0,,,245.0,,,,400.0,125000.0,,,,,0.0,3.0,0.5,,10.0,,10.0,,18.0,,5.0,0.0,355.0,0.08,,6.35,12.7,25.4,50.8,101.6,,0.0,5.0,,,,,
Laser Punch / Punch Press,"Rows matched via consistent name-order across all 7 screenshots (confirmed via the highlighted Muratec Motorum Hybrid 2558 2000W row appearing at position 18 in images 4-7). Image 3's Rates/Limits table appeared to have slightly fewer visible rows than the other tables (23 vs 26), so punch_rate/nibble_rate/rapid_traverse_rate/max_sheet_width/max_thickness values for a couple of Amada models (rows 5-6) carry a small risk of a 1-row misalignment - worth spot-checking Amada EML 3610 NT (4000W) against source if precision matters.",TruMatic6000 Large (2000W),,5.0,0.85,,,,,,,627.5,,,,,56.59,2.0,1315.0,1.0,23.91,20.0,FALSE,36.3,1.63,7900.0,10,USA,52.0,805000.0,80.0,7460.0,,,,13.0,,,,114.3,,,3050.0,1550.0,,,,,,,8.0,8.0,8.0,8.0,8.0,0.5,,,,917.0,6.35,0.5,,,,,,,1.0,190,,,0.0,3.5,1300.0,0.7,,,2000.0,,,220.0,,,,900.0,108000.0,,,,,0.0,3.0,0.5,,10.0,,10.0,,18.0,,5.0,0.0,355.0,0.08,,6.35,12.7,25.4,50.8,101.6,,0.0,3.6,,,,,
Laser Punch / Punch Press,"Rows matched via consistent name-order across all 7 screenshots (confirmed via the highlighted Muratec Motorum Hybrid 2558 2000W row appearing at position 18 in images 4-7). Image 3's Rates/Limits table appeared to have slightly fewer visible rows than the other tables (23 vs 26), so punch_rate/nibble_rate/rapid_traverse_rate/max_sheet_width/max_thickness values for a couple of Amada models (rows 5-6) carry a small risk of a 1-row misalignment - worth spot-checking Amada EML 3610 NT (4000W) against source if precision matters.",TruMatic6000 Large (2700W),,5.0,0.85,,,,,,,627.5,,,,,64.52,2.0,1315.0,1.0,23.91,20.0,FALSE,36.3,1.63,7900.0,10,USA,58.4,920000.0,80.0,7460.0,,,,13.0,,,,114.3,,,3050.0,1550.0,,,,,,,8.0,8.0,8.0,8.0,8.0,0.5,,,,917.0,6.35,0.5,,,,,,,1.0,190,,,0.0,3.5,1300.0,0.7,,,2700.0,,,220.0,,,,900.0,108000.0,,,,,0.0,3.0,0.5,,10.0,,10.0,,18.0,,5.0,0.0,355.0,0.08,,6.35,12.7,25.4,50.8,101.6,,0.0,3.6,,,,,
Laser Punch / Punch Press,"Rows matched via consistent name-order across all 7 screenshots (confirmed via the highlighted Muratec Motorum Hybrid 2558 2000W row appearing at position 18 in images 4-7). Image 3's Rates/Limits table appeared to have slightly fewer visible rows than the other tables (23 vs 26), so punch_rate/nibble_rate/rapid_traverse_rate/max_sheet_width/max_thickness values for a couple of Amada models (rows 5-6) carry a small risk of a 1-row misalignment - worth spot-checking Amada EML 3610 NT (4000W) against source if precision matters.",TruMatic6000 Large (3200W),,5.0,0.85,,,,,,,627.5,,,,,65.42,2.0,1315.0,1.0,23.91,20.0,FALSE,36.3,1.63,7900.0,10,USA,60.8,1035000.0,80.0,7460.0,,,,13.0,,,,114.3,,,3050.0,1550.0,,,,,,,8.0,8.0,8.0,8.0,8.0,0.5,,,,917.0,6.35,0.5,,,,,,,1.0,190,,,0.0,3.5,1300.0,0.7,,,3200.0,,,220.0,,,,900.0,108000.0,,,,,0.0,3.0,0.5,,10.0,,10.0,,18.0,,5.0,0.0,355.0,0.08,,6.35,12.7,25.4,50.8,101.6,,0.0,3.6,,,,,
Laser Punch / Punch Press,"Rows matched via consistent name-order across all 7 screenshots (confirmed via the highlighted Muratec Motorum Hybrid 2558 2000W row appearing at position 18 in images 4-7). Image 3's Rates/Limits table appeared to have slightly fewer visible rows than the other tables (23 vs 26), so punch_rate/nibble_rate/rapid_traverse_rate/max_sheet_width/max_thickness values for a couple of Amada models (rows 5-6) carry a small risk of a 1-row misalignment - worth spot-checking Amada EML 3610 NT (4000W) against source if precision matters.",TruMatic6000 Medium (2000W),,5.0,0.85,,,,,,,627.5,,,,,50.23,2.0,1315.0,1.0,22.77,20.0,FALSE,36.3,1.63,7460.0,10,USA,52.0,700000.0,80.0,7000.0,,,,13.0,,,,114.3,,,2500.0,1250.0,,,,,,,8.0,8.0,8.0,8.0,8.0,0.5,,,,1000.0,6.35,0.5,,,,,,,1.0,190,,,0.0,3.5,1300.0,0.7,,,2000.0,,,220.0,,,,900.0,108000.0,,,,,0.0,3.0,0.5,,10.0,,10.0,,18.0,,5.0,0.0,355.0,0.08,,6.35,12.7,25.4,50.8,101.6,,0.0,3.6,,,,,
Laser Punch / Punch Press,"Rows matched via consistent name-order across all 7 screenshots (confirmed via the highlighted Muratec Motorum Hybrid 2558 2000W row appearing at position 18 in images 4-7). Image 3's Rates/Limits table appeared to have slightly fewer visible rows than the other tables (23 vs 26), so punch_rate/nibble_rate/rapid_traverse_rate/max_sheet_width/max_thickness values for a couple of Amada models (rows 5-6) carry a small risk of a 1-row misalignment - worth spot-checking Amada EML 3610 NT (4000W) against source if precision matters.",TruMatic6000 Medium (2700W),,5.0,0.85,,,,,,,627.5,,,,,57.25,2.0,1315.0,1.0,22.77,20.0,FALSE,36.3,1.63,7460.0,10,USA,58.4,800000.0,80.0,7000.0,,,,13.0,,,,114.3,,,2500.0,1250.0,,,,,,,8.0,8.0,8.0,8.0,8.0,0.5,,,,1000.0,6.35,0.5,,,,,,,1.0,190,,,0.0,3.5,1300.0,0.7,,,2700.0,,,220.0,,,,900.0,108000.0,,,,,0.0,3.0,0.5,,10.0,,10.0,,18.0,,5.0,0.0,355.0,0.08,,6.35,12.7,25.4,50.8,101.6,,0.0,3.6,,,,,
Laser Punch / Punch Press,"Rows matched via consistent name-order across all 7 screenshots (confirmed via the highlighted Muratec Motorum Hybrid 2558 2000W row appearing at position 18 in images 4-7). Image 3's Rates/Limits table appeared to have slightly fewer visible rows than the other tables (23 vs 26), so punch_rate/nibble_rate/rapid_traverse_rate/max_sheet_width/max_thickness values for a couple of Amada models (rows 5-6) carry a small risk of a 1-row misalignment - worth spot-checking Amada EML 3610 NT (4000W) against source if precision matters.",TruMatic6000 Medium (3200W),,5.0,0.85,,,,,,,627.5,,,,,63.67,2.0,1315.0,1.0,22.77,20.0,FALSE,36.3,1.63,7460.0,10,USA,60.8,900000.0,80.0,7000.0,,,,13.0,,,,114.3,,,2500.0,1250.0,,,,,,,8.0,8.0,8.0,8.0,8.0,0.5,,,,1000.0,6.35,0.5,,,,,,,1.0,190,,,0.0,3.5,1300.0,0.7,,,3200.0,,,220.0,,,,900.0,108000.0,,,,,0.0,3.0,0.5,,10.0,,10.0,,18.0,,5.0,0.0,355.0,0.08,,6.35,12.7,25.4,50.8,101.6,,0.0,3.6,,,,,
Laser Punch / Punch Press,"Rows matched via consistent name-order across all 7 screenshots (confirmed via the highlighted Muratec Motorum Hybrid 2558 2000W row appearing at position 18 in images 4-7). Image 3's Rates/Limits table appeared to have slightly fewer visible rows than the other tables (23 vs 26), so punch_rate/nibble_rate/rapid_traverse_rate/max_sheet_width/max_thickness values for a couple of Amada models (rows 5-6) carry a small risk of a 1-row misalignment - worth spot-checking Amada EML 3610 NT (4000W) against source if precision matters.",TruMatic7000 Large (4000W),,5.0,0.85,,,,,,,627.5,,,,,75.72,2.0,1315.0,1.0,24.39,20.0,FALSE,36.3,1.63,8070.0,10,USA,69.6,1200000.0,80.0,7650.0,,,,13.0,,,,114.3,,,3050.0,1550.0,,,,,,,8.0,8.0,8.0,8.0,8.0,0.5,,,,1200.0,6.35,0.5,,,,,,,1.0,190,,,0.0,3.5,1300.0,0.7,,,4000.0,,,220.0,,,,1200.0,116000.0,,,,,0.0,3.0,0.5,,10.0,,10.0,,18.0,,5.0,0.0,355.0,0.08,,6.35,12.7,25.4,50.8,101.6,,0.0,3.6,,,,,
Oxyfuel Cutting Machine,,Default Oxyfuel - 4 torch,,5.0,0.65,,6096.0,3048.0,,,,,,,,,5.14,3.0,,1.0,25.75,20.0,FALSE,36.3,1.05,7620.0,10,USA,10.0,60000.0,80.0,6096.0,,,,,,,,,,,,,,,,,,,,,,,,,,,,,,,,,,,4,,1.0,,,,0.0,,,,,,200.0,,,,,,,,24993.6,,,,,0.0,0.0,0.08,,0.0,,0.0,,0.0,,0.0,2.0,,,,,,,,,,0.0,,,,,,1.0
Oxyfuel Cutting Machine,,Echo 3015 - 1 torch,,5.0,0.65,,3048.0,1524.0,,,,,,,,,2.72,3.0,,1.0,25.75,20.0,FALSE,36.3,1.05,7620.0,10,South Korea,10.0,20000.0,80.0,6096.0,,,,,,,,,,,,,,,,,,,,,,,,,,,,,,,,,,,1,,1.0,,,,0.0,,,,,,200.0,,,,,,,,12700.0,,,,,0.0,0.0,0.08,,0.0,,0.0,,0.0,,0.0,2.0,,,,,,,,,,0.0,,,,,,1.0
Oxyfuel Cutting Machine,,Franek - CSI Series 2 torch,,5.0,0.65,,3658.0,1829.0,,,,,,,,,2.72,3.0,,1.0,25.75,20.0,FALSE,36.3,1.05,7620.0,10,USA,10.0,20000.0,80.0,6096.0,,,,,,,,,,,,,,,,,,,,,,,,,,,,,,,,,,,2,,1.0,,,,0.0,,,,,,200.0,,,,,,,,43180.0,,,,,0.0,0.0,0.08,,0.0,,0.0,,0.0,,0.0,2.0,,,,,,,,,,0.0,,,,,,1.0
Oxyfuel Cutting Machine,,Franek - CSI Series 4 torch,,5.0,0.65,,3658.0,1829.0,,,,,,,,,3.93,3.0,,1.0,25.75,20.0,FALSE,36.3,1.05,7620.0,10,USA,10.0,40000.0,80.0,6096.0,,,,,,,,,,,,,,,,,,,,,,,,,,,,,,,,,,,4,,1.0,,,,0.0,,,,,,200.0,,,,,,,,41380.0,,,,,0.0,0.0,0.08,,0.0,,0.0,,0.0,,0.0,2.0,,,,,,,,,,0.0,,,,,,1.0
Oxyfuel Cutting Machine,,Franek - CSI Series 6 torch,,5.0,0.65,,3658.0,1829.0,,,,,,,,,5.14,3.0,,1.0,25.75,20.0,FALSE,36.3,1.05,7620.0,10,USA,10.0,60000.0,80.0,6096.0,,,,,,,,,,,,,,,,,,,,,,,,,,,,,,,,,,,6,,1.0,,,,0.0,,,,,,200.0,,,,,,,,41380.0,,,,,0.0,0.0,0.08,,0.0,,0.0,,0.0,,0.0,2.0,,,,,,,,,,0.0,,,,,,1.0
Oxyfuel Cutting Machine,,Hankwang - KOBA PLUS 3015 - 1 torch,,5.0,0.65,,3048.0,1524.0,,,,,,,,,2.72,3.0,,1.0,25.75,20.0,FALSE,36.3,1.05,7620.0,10,South Korea,10.0,20000.0,80.0,6096.0,,,,,,,,,,,,,,,,,,,,,,,,,,,,,,,,,,,1,,1.0,,,,0.0,,,,,,200.0,,,,,,,,43180.0,,,,,0.0,0.0,0.08,,0.0,,0.0,,0.0,,0.0,2.0,,,,,,,,,,0.0,,,,,,1.0
Oxyfuel Cutting Machine,,IK1200CL - 2 torch,,5.0,0.65,,3048.0,1219.0,,,,,,,,,2.72,3.0,,1.0,25.75,20.0,FALSE,36.3,1.05,7620.0,10,USA,10.0,20000.0,80.0,6096.0,,,,,,,,,,,,,,,,,,,,,,,,,,,,,,,,,,,2,,1.0,,,,0.0,,,,,,200.0,,,,,,,,43180.0,,,,,0.0,0.0,0.08,,0.0,,0.0,,0.0,,0.0,2.0,,,,,,,,,,0.0,,,,,,1.0
Oxyfuel Cutting Machine,,Nissan TANAKA KT-540J - 4 Torch,,5.0,0.65,,7750.0,2500.0,,,,,,,,,36.9,3.0,,1.0,21.69,20.0,FALSE,36.3,1.05,8750.0,10,Japan,100.0,360000.0,80.0,3500.0,,,,,,,,,,,,,,,,,,,,,,,,,,,,,,,,,,,4,,1.0,,,,0.0,,,,,,200.0,,,,,,,,3000.0,,,,,0.0,0.0,0.08,,0.0,,0.0,,0.0,,0.0,2.0,,,,,,,,,,0.0,,,,,,1.0
Oxyfuel Cutting Machine,,Nissan TANAKA KT-590J - 4 Torch,,5.0,0.65,,7200.0,3500.0,,,,,,,,,39.63,3.0,,1.0,23.3,20.0,FALSE,36.3,1.05,8200.0,10,Japan,100.0,405000.0,80.0,4500.0,,,,,,,,,,,,,,,,,,,,,,,,,,,,,,,,,,,4,,1.0,,,,0.0,,,,,,200.0,,,,,,,,3000.0,,,,,0.0,0.0,0.08,,0.0,,0.0,,0.0,,0.0,2.0,,,,,,,,,,0.0,,,,,,1.0
Oxyfuel Cutting Machine,,Nissan TANAKA KT-650 - 6 Torch,,5.0,0.65,,7200.0,8000.0,,,,,,,,,50.52,3.0,,1.0,32.77,20.0,FALSE,36.3,1.05,8200.0,10,Japan,100.0,585000.0,80.0,9000.0,,,,,,,,,,,,,,,,,,,,,,,,,,,,,,,,,,,6,,1.0,,,,0.0,,,,,,200.0,,,,,,,,18000.0,,,,,0.0,0.0,0.08,,0.0,,0.0,,0.0,,0.0,2.0,,,,,,,,,,0.0,,,,,,1.0
Oxyfuel Cutting Machine,,Nissan TANAKA KT-650J - 6 Torch,,5.0,0.65,,7200.0,4700.0,,,,,,,,,47.8,3.0,,1.0,25.83,20.0,FALSE,36.3,1.05,8200.0,10,Japan,100.0,540000.0,80.0,5700.0,,,,,,,,,,,,,,,,,,,,,,,,,,,,,,,,,,,6,,1.0,,,,0.0,,,,,,200.0,,,,,,,,12000.0,,,,,0.0,0.0,0.08,,0.0,,0.0,,0.0,,0.0,2.0,,,,,,,,,,0.0,,,,,,1.0
Oxyfuel Cutting Machine,,Nissan TANAKA KT-790 - 4 Torch,,5.0,0.65,,9600.0,5800.0,,,,,,,,,68.52,3.0,,1.0,39.87,20.0,FALSE,36.3,1.05,13600.0,10,Japan,165.0,720000.0,80.0,7460.0,,,,,,,,,,,,,,,,,,,,,,,,,,,,,,,,,,,4,,1.0,,,,0.0,,,,,,200.0,,,,,,,,24000.0,,,,,0.0,0.0,0.08,,0.0,,0.0,,0.0,,0.0,2.0,,,,,,,,,,0.0,,,,,,1.0
Oxyfuel Cutting Machine,,North American PCS 4000 - 4 torch,,5.0,0.65,,6096.0,3048.0,,,,,,,,,7.56,3.0,,1.0,25.75,20.0,FALSE,36.3,1.05,7620.0,10,USA,10.0,100000.0,80.0,6096.0,,,,,,,,,,,,,,,,,,,,,,,,,,,,,,,,,,,4,,1.0,,,,0.0,,,,,,200.0,,,,,,,,24993.6,,,,,0.0,0.0,0.08,,0.0,,0.0,,0.0,,0.0,2.0,,,,,,,,,,0.0,,,,,,1.0
Oxyfuel Cutting Machine,,North American PCS 5000 - 6 torch,,5.0,0.65,,6096.0,3048.0,,,,,,,,,8.78,3.0,,1.0,25.75,20.0,FALSE,36.3,1.05,7620.0,10,USA,10.0,120000.0,80.0,6096.0,,,,,,,,,,,,,,,,,,,,,,,,,,,,,,,,,,,6,,1.0,,,,0.0,,,,,,200.0,,,,,,,,24993.6,,,,,0.0,0.0,0.08,,0.0,,0.0,,0.0,,0.0,2.0,,,,,,,,,,0.0,,,,,,1.0
Oxyfuel Cutting Machine,,Oxy Fuel Cutter - 1 Torch,,5.0,0.65,,3048.0,1524.0,,,,,,,,,2.72,3.0,,1.0,25.75,20.0,TRUE,36.3,1.05,7620.0,10,Virtual,10.0,20000.0,80.0,6096.0,,,,,,,,,,,,,,,,,,,,,,,,,,,,,,,,,,,1,,1.0,,,,0.0,,,,,,200.0,,,,,,,,40000.0,,,,,0.0,0.0,0.08,,0.0,,0.0,,0.0,,0.0,2.0,,,,,,,,,,0.0,,,,,,1.0
Oxyfuel Cutting Machine,,Oxy Fuel Cutter - 2 Torch,,5.0,0.65,,3500.0,1600.0,,,,,,,,,2.72,3.0,,1.0,25.75,20.0,TRUE,36.3,1.05,7620.0,10,Virtual,10.0,20000.0,80.0,6096.0,,,,,,,,,,,,,,,,,,,,,,,,,,,,,,,,,,,2,,1.0,,,,0.0,,,,,,200.0,,,,,,,,40000.0,,,,,0.0,0.0,0.08,,0.0,,0.0,,0.0,,0.0,2.0,,,,,,,,,,0.0,,,,,,1.0
Oxyfuel Cutting Machine,,Oxy Fuel Cutter - 4 Torch,,5.0,0.65,,5000.0,2500.0,,,,,,,,,5.14,3.0,,1.0,25.75,20.0,TRUE,36.3,1.05,7620.0,10,Virtual,10.0,60000.0,80.0,6096.0,,,,,,,,,,,,,,,,,,,,,,,,,,,,,,,,,,,4,,1.0,,,,0.0,,,,,,200.0,,,,,,,,30000.0,,,,,0.0,0.0,0.08,,0.0,,0.0,,0.0,,0.0,2.0,,,,,,,,,,0.0,,,,,,1.0
Oxyfuel Cutting Machine,,Oxy Fuel Cutter - 6 Torch,,5.0,0.65,,6096.0,3048.0,,,,,,,,,6.96,3.0,,1.0,25.75,20.0,TRUE,36.3,1.05,7620.0,10,Virtual,10.0,90000.0,80.0,6096.0,,,,,,,,,,,,,,,,,,,,,,,,,,,,,,,,,,,6,,1.0,,,,0.0,,,,,,200.0,,,,,,,,25000.0,,,,,0.0,0.0,0.08,,0.0,,0.0,,0.0,,0.0,2.0,,,,,,,,,,0.0,,,,,,1.0
Waterjet Cutting Machine,Source images were photos of a screen (moderate glare/blur). Row 11 (KMT SL-V 100 PLUS) had an ambiguous overhead-input reading in the source photo; installation/uptime/maintenance factors were normalized to the category's standard pattern (20/80/5) rather than the anomalous raw text.,ESAB Hydrocut LX 6500,0.46,5.0,0.9,,6000.0,5992.0,,,,,,the system Baseline,,,38.3,4.0,,1.0,32.14,20.0,FALSE,36.3,1.0,7000.0,10,USA,93.21,400000.0,80.0,7644.38,,,,,,,,,,,,,,,,,,,,,,,,,,,1.061,,,,,,,6.0,,1,1.0,,1.0,0.356,0.0,,,,,,,,,,,,620.53,,35560.0,,,,,0.0,2.0,0.08,,5.0,,5.0,,,,0.64,0.0,,,,,,,,,,0.0,,,,,,
Waterjet Cutting Machine,Source images were photos of a screen (moderate glare/blur). Row 11 (KMT SL-V 100 PLUS) had an ambiguous overhead-input reading in the source photo; installation/uptime/maintenance factors were normalized to the category's standard pattern (20/80/5) rather than the anomalous raw text.,Flow Mach 2 1313b,0.46,5.0,0.9,,1295.4,1295.4,,,,,,the system Baseline,,,14.72,4.0,,1.0,15.99,20.0,FALSE,36.3,1.0,2295.4,10,USA,37.3,150000.0,80.0,2743.2,,,,,,,,,,,,,,,,,,,,,,,,,,,1.061,,,,,,,4.0,,1,1.0,,1.1,0.356,0.0,,,,,,,,,,,,413.69,,15240.0,,,,,0.0,2.0,0.08,,5.0,,5.0,,,,0.64,0.0,,,,,,,,,,0.0,,,,,,
Waterjet Cutting Machine,Source images were photos of a screen (moderate glare/blur). Row 11 (KMT SL-V 100 PLUS) had an ambiguous overhead-input reading in the source photo; installation/uptime/maintenance factors were normalized to the category's standard pattern (20/80/5) rather than the anomalous raw text.,Flow Mach 2 4020b,0.46,5.0,0.9,,3987.8,2006.6,,,,,,the system Baseline,,,16.23,4.0,,1.0,21.55,20.0,FALSE,36.3,1.0,4987.6,10,USA,37.3,175000.0,80.0,4520.18,,,,,,,,,,,,,,,,,,,,,,,,,,,1.061,,,,,,,4.0,,1,1.0,,1.1,0.356,0.0,,,,,,,,,,,,413.69,,15240.0,,,,,0.0,2.0,0.08,,5.0,,5.0,,,,0.64,0.0,,,,,,,,,,0.0,,,,,,
Waterjet Cutting Machine,Source images were photos of a screen (moderate glare/blur). Row 11 (KMT SL-V 100 PLUS) had an ambiguous overhead-input reading in the source photo; installation/uptime/maintenance factors were normalized to the category's standard pattern (20/80/5) rather than the anomalous raw text.,Flow Mach 3 1313b,0.46,5.0,0.9,,1295.4,1295.4,,,,,,the system Baseline,,,23.8,4.0,,1.0,16.01,20.0,FALSE,36.3,1.0,2295.4,10,USA,37.3,300000.0,80.0,4520.18,,,,,,,,,,,,,,,,,,,,,,,,,,,1.061,,,,,,,4.0,,1,1.0,,1.1,0.356,0.0,,,,,,,,,,,,648.11,,26670.0,,,,,0.0,2.0,0.08,,5.0,,5.0,,,,0.64,0.0,,,,,,,,,,0.0,,,,,,
Waterjet Cutting Machine,Source images were photos of a screen (moderate glare/blur). Row 11 (KMT SL-V 100 PLUS) had an ambiguous overhead-input reading in the source photo; installation/uptime/maintenance factors were normalized to the category's standard pattern (20/80/5) rather than the anomalous raw text.,Flow Mach 3 7320b,0.46,5.0,0.9,,7289.8,2006.6,,,,,,the system Baseline,,,25.31,4.0,,1.0,26.65,20.0,FALSE,36.3,1.0,8289.8,10,USA,37.3,325000.0,80.0,2767.58,,,,,,,,,,,,,,,,,,,,,,,,,,,1.061,,,,,,,4.0,,1,1.0,,1.1,0.356,0.0,,,,,,,,,,,,648.11,,26670.0,,,,,0.0,2.0,0.08,,5.0,,5.0,,,,0.64,0.0,,,,,,,,,,0.0,,,,,,
Waterjet Cutting Machine,Source images were photos of a screen (moderate glare/blur). Row 11 (KMT SL-V 100 PLUS) had an ambiguous overhead-input reading in the source photo; installation/uptime/maintenance factors were normalized to the category's standard pattern (20/80/5) rather than the anomalous raw text.,Flow Mach 300 3020,0.46,5.0,0.9,,3000.0,1500.0,,,,,,the system Baseline,,,22.29,4.0,,1.0,18.62,20.0,FALSE,36.3,1.0,4000.0,10,Japan,72.0,188500.0,80.0,3500.0,,,,,,,,,,,,,,,,,,,,,,,,,,,1.016,,,,,,,5.3,,1,1.0,,1.0,0.381,0.0,,,,,,,,,,,,599.84,,12000.0,,,,,0.0,2.0,0.08,,5.0,,5.0,,,,0.64,0.0,,,,,,,,,,0.0,,,,,,
Waterjet Cutting Machine,Source images were photos of a screen (moderate glare/blur). Row 11 (KMT SL-V 100 PLUS) had an ambiguous overhead-input reading in the source photo; installation/uptime/maintenance factors were normalized to the category's standard pattern (20/80/5) rather than the anomalous raw text.,Flow Mach 4 2020c,0.46,5.0,0.9,,2006.6,2006.6,,,,,,the system Baseline,,,28.34,4.0,,1.0,19.03,20.0,FALSE,36.3,1.0,3006.6,10,USA,37.3,375000.0,80.0,5053.18,,,,,,,,,,,,,,,,,,,,,,,,,,,1.061,,,,,,,4.0,,1,1.0,,1.1,0.356,0.0,,,,,,,,,,,,648.11,,38100.0,,,,,0.0,2.0,0.08,,5.0,,5.0,,,,0.64,0.0,,,,,,,,,,0.0,,,,,,
Waterjet Cutting Machine,Source images were photos of a screen (moderate glare/blur). Row 11 (KMT SL-V 100 PLUS) had an ambiguous overhead-input reading in the source photo; installation/uptime/maintenance factors were normalized to the category's standard pattern (20/80/5) rather than the anomalous raw text.,Flow Mach 4 40140c,0.46,5.0,0.9,,13995.4,3987.8,,,,,,the system Baseline,,,29.85,4.0,,1.0,50.07,20.0,FALSE,36.3,1.0,14995.4,10,USA,72.0,400000.0,80.0,7062.22,,,,,,,,,,,,,,,,,,,,,,,,,,,1.016,,,,,,,4.0,,1,1.0,,1.1,0.356,0.0,,,,,,,,,,,,648.11,,38100.0,,,,,0.0,2.0,0.08,,5.0,,5.0,,,,0.64,0.0,,,,,,,,,,0.0,,,,,,
Waterjet Cutting Machine,Source images were photos of a screen (moderate glare/blur). Row 11 (KMT SL-V 100 PLUS) had an ambiguous overhead-input reading in the source photo; installation/uptime/maintenance factors were normalized to the category's standard pattern (20/80/5) rather than the anomalous raw text.,Flow Mach 500 4080,0.46,5.0,0.9,,8000.0,4000.0,,,,,,the system Baseline,,,30.79,4.0,,1.0,32.31,20.0,FALSE,36.3,1.0,9000.0,10,Japan,72.0,328900.0,80.0,6000.0,,,,,,,,,,,,,,,,,,,,,,,,,,,1.016,,,,,,,4.1,,1,1.0,,1.0,0.381,0.0,,,,,,,,,,,,599.84,,17800.0,,,,,0.0,2.0,0.08,,5.0,,5.0,,,,0.64,0.0,,,,,,,,,,0.0,,,,,,
Waterjet Cutting Machine,Source images were photos of a screen (moderate glare/blur). Row 11 (KMT SL-V 100 PLUS) had an ambiguous overhead-input reading in the source photo; installation/uptime/maintenance factors were normalized to the category's standard pattern (20/80/5) rather than the anomalous raw text.,Flow Mach 700 50240,0.46,5.0,0.9,,24000.0,5000.0,,,,,,the system Baseline,,,57.99,4.0,,1.0,73.71,20.0,FALSE,36.3,1.0,25000.0,10,Japan,72.0,778200.0,80.0,7000.0,,,,,,,,,,,,,,,,,,,,,,,,,,,1.061,,,,,,,3.8,,1,1.0,,1.0,0.381,0.0,,,,,,,,,,,,599.84,,36000.0,,,,,0.0,2.0,0.08,,5.0,,5.0,,,,0.64,0.0,,,,,,,,,,0.0,,,,,,
Waterjet Cutting Machine,Source images were photos of a screen (moderate glare/blur). Row 11 (KMT SL-V 100 PLUS) had an ambiguous overhead-input reading in the source photo; installation/uptime/maintenance factors were normalized to the category's standard pattern (20/80/5) rather than the anomalous raw text.,KMT SL-V 100 PLUS,0.46,5.0,0.9,,2000.0,914.0,,,,,,the system Baseline,,,29.49,4.0,,1.0,14.77,20.0,FALSE,36.3,1.0,3230.0,10,USA,75.0,300000.0,80.0,914.0,,,,,,,,,,,,,,,,,,,,,,,,,,,1.061,,,,,,,6.0,,1,1.0,,1.0,0.356,0.0,,,,,,,,,,,,413.69,,26670.0,,,,,0.0,2.0,0.08,,5.0,,5.0,,,,0.64,0.0,,,,,,,,,,0.0,,,,,,
Waterjet Cutting Machine,Source images were photos of a screen (moderate glare/blur). Row 11 (KMT SL-V 100 PLUS) had an ambiguous overhead-input reading in the source photo; installation/uptime/maintenance factors were normalized to the category's standard pattern (20/80/5) rather than the anomalous raw text.,KMT SL-V E-50,0.46,5.0,0.9,,1727.0,914.0,,,,,,the system Baseline,,,14.67,4.0,,1.0,14.69,20.0,FALSE,36.3,1.0,2727.0,10,USA,77.0,150000.0,80.0,914.0,,,,,,,,,,,,,,,,,,,,,,,,,,,1.061,,,,,,,6.0,,1,1.0,,1.0,0.356,0.0,,,,,,,,,,,,379.21,,15240.0,,,,,0.0,2.0,0.08,,5.0,,5.0,,,,0.64,0.0,,,,,,,,,,0.0,,,,,,
Waterjet Cutting Machine,Source images were photos of a screen (moderate glare/blur). Row 11 (KMT SL-V 100 PLUS) had an ambiguous overhead-input reading in the source photo; installation/uptime/maintenance factors were normalized to the category's standard pattern (20/80/5) rather than the anomalous raw text.,KMT STREAMLINE PRO 125HP,0.46,5.0,0.9,,2230.0,1500.0,,,,,,the system Baseline,,,35.24,4.0,,1.0,15.49,20.0,FALSE,36.3,1.0,3230.0,10,USA,93.0,350000.0,80.0,1499.62,,,,,,,,,,,,,,,,,,,,,,,,,,,1.061,,,,,,,6.0,,1,1.0,,1.0,0.356,0.0,,,,,,,,,,,,620.53,,35560.0,,,,,0.0,2.0,0.08,,5.0,,5.0,,,,0.64,0.0,,,,,,,,,,0.0,,,,,,
Waterjet Cutting Machine,Source images were photos of a screen (moderate glare/blur). Row 11 (KMT SL-V 100 PLUS) had an ambiguous overhead-input reading in the source photo; installation/uptime/maintenance factors were normalized to the category's standard pattern (20/80/5) rather than the anomalous raw text.,Maxiem 0707,0.34,5.0,0.9,,762.0,762.0,,,,,,the system Baseline,,,16.61,4.0,,1.0,15.61,20.0,FALSE,36.3,1.0,1762.0,10,USA,29.83,200000.0,80.0,1700.73,,,,,,,,,,,,,,,,,,,,,,,,,,,0.762,,,,,,,4.0,,1,1.0,,1.1,0.356,0.0,,,,,,,,,,,,344.74,,8890.0,,,,,0.0,2.0,0.08,,5.0,,5.0,,,,0.64,0.0,,,,,,,,,,0.0,,,,,,
Waterjet Cutting Machine,Source images were photos of a screen (moderate glare/blur). Row 11 (KMT SL-V 100 PLUS) had an ambiguous overhead-input reading in the source photo; installation/uptime/maintenance factors were normalized to the category's standard pattern (20/80/5) rather than the anomalous raw text.,Maxiem 1530,0.34,5.0,0.9,,3100.0,1575.0,,,,,,the system Baseline,,,18.13,4.0,,1.0,16.22,20.0,FALSE,36.3,1.0,4100.0,10,USA,29.83,225000.0,80.0,1700.73,,,,,,,,,,,,,,,,,,,,,,,,,,,0.762,,,,,,,4.0,,1,1.0,,1.1,0.356,0.0,,,,,,,,,,,,344.74,,8890.0,,,,,0.0,2.0,0.08,,5.0,,5.0,,,,0.64,0.0,,,,,,,,,,0.0,,,,,,
Waterjet Cutting Machine,Source images were photos of a screen (moderate glare/blur). Row 11 (KMT SL-V 100 PLUS) had an ambiguous overhead-input reading in the source photo; installation/uptime/maintenance factors were normalized to the category's standard pattern (20/80/5) rather than the anomalous raw text.,Maxiem 2040,0.34,5.0,0.9,,4064.0,2006.6,,,,,,the system Baseline,,,21.15,4.0,,1.0,17.97,20.0,FALSE,36.3,1.0,4947.42,10,USA,29.83,275000.0,80.0,1700.73,,,,,,,,,,,,,,,,,,,,,,,,,,,0.762,,,,,,,4.0,,1,1.0,,1.1,0.356,0.0,,,,,,,,,,,,344.74,,8890.0,,,,,0.0,2.0,0.08,,5.0,,5.0,,,,0.64,0.0,,,,,,,,,,0.0,,,,,,
Waterjet Cutting Machine,Source images were photos of a screen (moderate glare/blur). Row 11 (KMT SL-V 100 PLUS) had an ambiguous overhead-input reading in the source photo; installation/uptime/maintenance factors were normalized to the category's standard pattern (20/80/5) rather than the anomalous raw text.,OMAX 2626,0.34,5.0,0.9,,660.0,373.0,,,,,,the system Baseline,,,22.67,4.0,,1.0,15.42,20.0,FALSE,36.3,1.0,2321.0,10,USA,29.83,300000.0,80.0,2386.58,,,,,,,,,,,,,,,,,,,,,,,,,,,0.762,,,,,,,3.2,,1,1.0,,1.1,0.356,0.0,,,,,,,,,,,,413.69,,4572.0,,,,,0.0,2.0,0.08,,5.0,,5.0,,,,0.64,0.0,,,,,,,,,,0.0,,,,,,
Waterjet Cutting Machine,Source images were photos of a screen (moderate glare/blur). Row 11 (KMT SL-V 100 PLUS) had an ambiguous overhead-input reading in the source photo; installation/uptime/maintenance factors were normalized to the category's standard pattern (20/80/5) rather than the anomalous raw text.,OMAX 2652,0.34,5.0,0.9,,1321.0,660.0,,,,,,the system Baseline,,,24.18,4.0,,1.0,16.54,20.0,FALSE,36.3,1.0,2795.62,10,USA,29.83,325000.0,80.0,3404.62,,,,,,,,,,,,,,,,,,,,,,,,,,,0.762,,,,,,,3.2,,1,1.0,,1.1,0.356,0.0,,,,,,,,,,,,413.69,,4572.0,,,,,0.0,2.0,0.08,,5.0,,5.0,,,,0.64,0.0,,,,,,,,,,0.0,,,,,,
Waterjet Cutting Machine,Source images were photos of a screen (moderate glare/blur). Row 11 (KMT SL-V 100 PLUS) had an ambiguous overhead-input reading in the source photo; installation/uptime/maintenance factors were normalized to the category's standard pattern (20/80/5) rather than the anomalous raw text.,OMAX 55100,0.34,5.0,0.9,,2540.0,1397.0,,,,,,the system Baseline,,,12.07,4.0,,1.0,15.86,20.0,FALSE,36.3,1.0,3540.0,10,USA,29.83,125000.0,80.0,1976.49,,,,,,,,,,,,,,,,,,,,,,,,,,,0.762,,,,,,,3.2,,1,1.0,,1.1,0.356,0.0,,,,,,,,,,,,413.69,,4572.0,,,,,0.0,2.0,0.08,,5.0,,5.0,,,,0.64,0.0,,,,,,,,,,0.0,,,,,,
Waterjet Cutting Machine,Source images were photos of a screen (moderate glare/blur). Row 11 (KMT SL-V 100 PLUS) had an ambiguous overhead-input reading in the source photo; installation/uptime/maintenance factors were normalized to the category's standard pattern (20/80/5) rather than the anomalous raw text.,OMAX 60120,0.34,5.0,0.9,,3200.0,1575.0,,,,,,the system Baseline,,,14.19,4.0,,1.0,17.41,20.0,FALSE,36.3,1.0,4200.0,10,USA,29.83,160000.0,80.0,2490.22,,,,,,,,,,,,,,,,,,,,,,,,,,,0.762,,,,,,,3.2,,1,1.0,,1.1,0.356,0.0,,,,,,,,,,,,413.69,,4572.0,,,,,0.0,2.0,0.08,,5.0,,5.0,,,,0.64,0.0,,,,,,,,,,0.0,,,,,,
Waterjet Cutting Machine,Source images were photos of a screen (moderate glare/blur). Row 11 (KMT SL-V 100 PLUS) had an ambiguous overhead-input reading in the source photo; installation/uptime/maintenance factors were normalized to the category's standard pattern (20/80/5) rather than the anomalous raw text.,OMAX 80160,0.34,5.0,0.9,,4267.0,2030.0,,,,,,the system Baseline,,,16.61,4.0,,1.0,18.96,20.0,FALSE,36.3,1.0,5267.0,10,USA,29.83,200000.0,80.0,2841.75,,,,,,,,,,,,,,,,,,,,,,,,,,,0.762,,,,,,,3.2,,1,1.0,,1.1,0.356,0.0,,,,,,,,,,,,413.69,,4572.0,,,,,0.0,2.0,0.08,,5.0,,5.0,,,,0.64,0.0,,,,,,,,,,0.0,,,,,,
Waterjet Cutting Machine,Source images were photos of a screen (moderate glare/blur). Row 11 (KMT SL-V 100 PLUS) had an ambiguous overhead-input reading in the source photo; installation/uptime/maintenance factors were normalized to the category's standard pattern (20/80/5) rather than the anomalous raw text.,Waterjet Cutter - 1300mm x 1300mm Bed Size,0.46,5.0,0.9,,1300.0,1300.0,,,,,,the system Baseline,,,20.88,4.0,,1.0,16.59,20.0,TRUE,36.3,1.0,2300.0,10,Virtual,38.0,250000.0,80.0,2300.0,,,,,,,,,,,,,,,,,,,,,,,,,,,1.061,,,,,,,4.0,,1,1.0,,1.1,0.356,0.0,,,,,,,,,,,,650.0,,15000.0,,,,,0.0,2.0,0.08,,5.0,,5.0,,,,0.64,0.0,,,,,,,,,,0.0,,,,,,
Waterjet Cutting Machine,Source images were photos of a screen (moderate glare/blur). Row 11 (KMT SL-V 100 PLUS) had an ambiguous overhead-input reading in the source photo; installation/uptime/maintenance factors were normalized to the category's standard pattern (20/80/5) rather than the anomalous raw text.,Waterjet Cutter - 14000mm x 4000mm Bed Size,0.46,5.0,0.9,,14000.0,4000.0,,,,,,the system Baseline,,,29.96,4.0,,1.0,54.89,20.0,TRUE,36.3,1.0,15000.0,10,Virtual,38.0,400000.0,80.0,8000.0,,,,,,,,,,,,,,,,,,,,,,,,,,,1.061,,,,,,,4.0,,1,1.0,,1.1,0.356,0.0,,,,,,,,,,,,650.0,,30000.0,,,,,0.0,2.0,0.08,,5.0,,5.0,,,,0.64,0.0,,,,,,,,,,0.0,,,,,,
Waterjet Cutting Machine,Source images were photos of a screen (moderate glare/blur). Row 11 (KMT SL-V 100 PLUS) had an ambiguous overhead-input reading in the source photo; installation/uptime/maintenance factors were normalized to the category's standard pattern (20/80/5) rather than the anomalous raw text.,Waterjet Cutter - 2000mm x 1500mm Bed Size,0.46,5.0,0.9,,2000.0,1500.0,,,,,,the system Baseline,,,23.9,4.0,,1.0,17.43,20.0,TRUE,36.3,1.0,3000.0,10,Virtual,38.0,300000.0,80.0,3500.0,,,,,,,,,,,,,,,,,,,,,,,,,,,1.061,,,,,,,6.0,,1,1.0,,1.1,0.356,0.0,,,,,,,,,,,,650.0,,15000.0,,,,,0.0,2.0,0.08,,5.0,,5.0,,,,0.64,0.0,,,,,,,,,,0.0,,,,,,
Waterjet Cutting Machine,Source images were photos of a screen (moderate glare/blur). Row 11 (KMT SL-V 100 PLUS) had an ambiguous overhead-input reading in the source photo; installation/uptime/maintenance factors were normalized to the category's standard pattern (20/80/5) rather than the anomalous raw text.,Waterjet Cutter - 3000mm x 1600mm Bed Size,0.46,5.0,0.9,,3000.0,1600.0,,,,,,the system Baseline,,,25.42,4.0,,1.0,18.62,20.0,TRUE,36.3,1.0,4000.0,10,Virtual,38.0,325000.0,80.0,3500.0,,,,,,,,,,,,,,,,,,,,,,,,,,,1.061,,,,,,,6.0,,1,1.0,,1.1,0.356,0.0,,,,,,,,,,,,650.0,,30000.0,,,,,0.0,2.0,0.08,,5.0,,5.0,,,,0.64,0.0,,,,,,,,,,0.0,,,,,,
Waterjet Cutting Machine,Source images were photos of a screen (moderate glare/blur). Row 11 (KMT SL-V 100 PLUS) had an ambiguous overhead-input reading in the source photo; installation/uptime/maintenance factors were normalized to the category's standard pattern (20/80/5) rather than the anomalous raw text.,Waterjet Cutter - 7000mm x 2000mm Bed Size,0.34,5.0,0.9,,7000.0,2000.0,,,,,,the system Baseline,,,26.93,4.0,,1.0,24.78,20.0,TRUE,36.3,1.0,8000.0,10,Virtual,38.0,350000.0,80.0,4000.0,,,,,,,,,,,,,,,,,,,,,,,,,,,0.762,,,,,,,6.0,,1,1.0,,1.1,0.356,0.0,,,,,,,,,,,,650.0,,30000.0,,,,,0.0,2.0,0.08,,5.0,,5.0,,,,0.64,0.0,,,,,,,,,,0.0,,,,,,
Waterjet Cutting Machine,Source images were photos of a screen (moderate glare/blur). Row 11 (KMT SL-V 100 PLUS) had an ambiguous overhead-input reading in the source photo; installation/uptime/maintenance factors were normalized to the category's standard pattern (20/80/5) rather than the anomalous raw text.,Waterjet Cutter - 700mm x 400mm Bed Size,0.46,5.0,0.9,,700.0,400.0,,,,,,the system Baseline,,,16.64,4.0,,1.0,15.58,20.0,TRUE,36.3,1.0,1700.0,10,Virtual,30.0,200000.0,80.0,3000.0,,,,,,,,,,,,,,,,,,,,,,,,,,,1.061,,,,,,,4.0,,1,1.0,,1.1,0.356,0.0,,,,,,,,,,,,400.0,,4500.0,,,,,0.0,2.0,0.08,,5.0,,5.0,,,,0.64,0.0,,,,,,,,,,0.0,,,,,,
Turret Press (Punch Press),"Source images for this batch were photos of a monitor with visible glare/blur (unlike prior batches which were clean digital screenshots). Core fields (price, manufacturer, labor rate, bed/sheet dimensions, preferred flag, avg utilization) were legible and are high-confidence. Some secondary fields for a few rows near the bottom of the DO/IO and tooling tables (images 2,3,5) were harder to distinguish with certainty - these are included but flagged per-row where confidence is lower. Recommend a quick visual spot-check against the original tool if these machines feed into cost-critical calculations.",Amada EM-3510 ZRB,,5.0,0.85,,,,,,,,,,,,28.72,2.0,,1.0,19.23,20.0,FALSE,36.3,1.25,6157.0,10,Japan,35.0,387000.0,80.0,5120.0,,,,,,,,114.3,,,2500.0,1275.0,,,,,,,6.0,6.0,6.0,4.5,6.0,0.5,,,,410.0,6.35,0.5,,,,,,,1.0,32,,,0.0,3.5,,,,,,,,300.0,,,,,,,,,,0.0,,0.5,,,,,,,,,,,0.08,,,,,,,,0.0,1.5,,,,,1.0
Turret Press (Punch Press),"Source images for this batch were photos of a monitor with visible glare/blur (unlike prior batches which were clean digital screenshots). Core fields (price, manufacturer, labor rate, bed/sheet dimensions, preferred flag, avg utilization) were legible and are high-confidence. Some secondary fields for a few rows near the bottom of the DO/IO and tooling tables (images 2,3,5) were harder to distinguish with certainty - these are included but flagged per-row where confidence is lower. Recommend a quick visual spot-check against the original tool if these machines feed into cost-critical calculations.",Amada EM-3510 ZRT,,5.0,0.85,,,,,,,,,,,,27.63,2.0,,1.0,19.97,20.0,FALSE,36.3,1.25,7005.0,10,Japan,35.0,369000.0,80.0,5120.0,,,,,,,,114.3,,,2500.0,1275.0,,,,,,,6.0,6.0,6.0,4.5,6.0,0.5,,,,410.0,6.35,0.5,,,,,,,1.0,32,,,0.0,3.5,,,,,,,,300.0,,,,,,,,,,0.0,,0.5,,,,,,,,,,,0.08,,,,,,,,0.0,1.5,,,,,1.0
Turret Press (Punch Press),"Source images for this batch were photos of a monitor with visible glare/blur (unlike prior batches which were clean digital screenshots). Core fields (price, manufacturer, labor rate, bed/sheet dimensions, preferred flag, avg utilization) were legible and are high-confidence. Some secondary fields for a few rows near the bottom of the DO/IO and tooling tables (images 2,3,5) were harder to distinguish with certainty - these are included but flagged per-row where confidence is lower. Recommend a quick visual spot-check against the original tool if these machines feed into cost-critical calculations.",Amada EM-3612 ZRB,,5.0,0.85,,,,,,,,,,,,31.62,2.0,,1.0,20.84,20.0,FALSE,36.3,1.25,6382.0,10,Japan,35.0,468000.0,80.0,6220.0,,,,,,,,114.3,,,3050.0,1525.0,,,,,,,6.0,6.0,6.0,4.5,6.0,0.5,,,,410.0,6.35,0.5,,,,,,,1.0,32,,,0.0,3.5,,,,,,,,300.0,,,,,,,,,,0.0,,0.5,,,,,,,,,,,0.08,,,,,,,,0.0,1.5,,,,,1.0
Turret Press (Punch Press),"Source images for this batch were photos of a monitor with visible glare/blur (unlike prior batches which were clean digital screenshots). Core fields (price, manufacturer, labor rate, bed/sheet dimensions, preferred flag, avg utilization) were legible and are high-confidence. Some secondary fields for a few rows near the bottom of the DO/IO and tooling tables (images 2,3,5) were harder to distinguish with certainty - these are included but flagged per-row where confidence is lower. Recommend a quick visual spot-check against the original tool if these machines feed into cost-critical calculations.",Amada EM-3612 ZRT,,5.0,0.85,,,,,,,,,,,,32.53,2.0,,1.0,21.72,20.0,FALSE,36.3,1.25,7415.0,10,Japan,35.0,450000.0,80.0,6220.0,,,,,,,,114.3,,,3050.0,1525.0,,,,,,,6.0,6.0,6.0,4.5,6.0,0.5,,,,410.0,6.35,0.5,,,,,,,1.0,32,,,0.0,3.5,,,,,,,,300.0,,,,,,,,,,0.0,,0.5,,,,,,,,,,,0.08,,,,,,,,0.0,1.5,,,,,1.0
Turret Press (Punch Press),"Source images for this batch were photos of a monitor with visible glare/blur (unlike prior batches which were clean digital screenshots). Core fields (price, manufacturer, labor rate, bed/sheet dimensions, preferred flag, avg utilization) were legible and are high-confidence. Some secondary fields for a few rows near the bottom of the DO/IO and tooling tables (images 2,3,5) were harder to distinguish with certainty - these are included but flagged per-row where confidence is lower. Recommend a quick visual spot-check against the original tool if these machines feed into cost-critical calculations.",Amada Vipros 2510 King,,5.0,0.85,,,,,,,,,,,,17.25,1.5,,1.0,27.01,20.0,FALSE,36.3,1.25,11961.4,10,USA,20.0,235000.0,80.0,8586.22,,,,,,,,88.9,,,2540.0,1270.0,,,,,,,6.0,6.0,3.2,3.43,6.0,0.5,,,,600.0,6.35,0.5,,,,,,,1.0,31,,,0.0,3.5,,,,,,,,219.2,,,,,,,,,,0.0,,0.5,,,,,,,,,,,0.08,,,,,,,,0.0,1.5,,,,,1.0
Turret Press (Punch Press),"Source images for this batch were photos of a monitor with visible glare/blur (unlike prior batches which were clean digital screenshots). Core fields (price, manufacturer, labor rate, bed/sheet dimensions, preferred flag, avg utilization) were legible and are high-confidence. Some secondary fields for a few rows near the bottom of the DO/IO and tooling tables (images 2,3,5) were harder to distinguish with certainty - these are included but flagged per-row where confidence is lower. Recommend a quick visual spot-check against the original tool if these machines feed into cost-critical calculations.",Amada Vipros 255,,5.0,0.85,,,,,,,,,,,,17.25,1.5,,1.0,23.54,20.0,FALSE,36.3,1.25,7110.98,10,USA,20.0,235000.0,80.0,7976.62,,,,,,,,88.9,,,1270.0,1270.0,,,,,,,3.41,3.8,3.43,3.2,3.41,0.5,,,,510.0,6.35,0.5,,,,,,,1.0,31,,,0.0,3.5,,,,,,,,219.2,,,,,,,,,,0.0,,0.5,,,,,,,,,,,0.08,,,,,,,,0.0,1.5,,,,,1.0
Turret Press (Punch Press),"Source images for this batch were photos of a monitor with visible glare/blur (unlike prior batches which were clean digital screenshots). Core fields (price, manufacturer, labor rate, bed/sheet dimensions, preferred flag, avg utilization) were legible and are high-confidence. Some secondary fields for a few rows near the bottom of the DO/IO and tooling tables (images 2,3,5) were harder to distinguish with certainty - these are included but flagged per-row where confidence is lower. Recommend a quick visual spot-check against the original tool if these machines feed into cost-critical calculations.",Amada Vipros 357 Queen,,5.0,0.85,,,,,,,,,,,,35.17,1.5,,1.0,24.82,20.0,FALSE,36.3,1.25,9348.22,10,USA,20.0,531000.0,80.0,8214.36,,,,,,,,88.9,,,1827.8,1270.0,,,,,,,3.43,3.8,3.43,3.2,3.43,0.5,,,,420.0,6.35,0.5,,,,,,,1.0,58,,,0.0,3.5,,,,,,,,328.8,,,,,,,,,,0.0,,0.5,,,,,,,,,,,0.08,,,,,,,,0.0,1.5,,,,,1.0
Turret Press (Punch Press),"Source images for this batch were photos of a monitor with visible glare/blur (unlike prior batches which were clean digital screenshots). Core fields (price, manufacturer, labor rate, bed/sheet dimensions, preferred flag, avg utilization) were legible and are high-confidence. Some secondary fields for a few rows near the bottom of the DO/IO and tooling tables (images 2,3,5) were harder to distinguish with certainty - these are included but flagged per-row where confidence is lower. Recommend a quick visual spot-check against the original tool if these machines feed into cost-critical calculations.",Amada Vipros 358 King II,,5.0,0.85,,,,,,,,,,,,19.17,1.5,,1.0,17.01,20.0,FALSE,36.3,1.25,10034.02,10,USA,20.0,531000.0,80.0,8534.4,,,,,,,,88.9,,,2006.6,1524.0,,,,,,,3.43,3.8,3.41,3.2,3.43,0.5,,,,420.0,6.35,0.5,,,,,,,1.0,58,,,0.0,3.5,,,,,,,,328.8,,,,,,,,,,0.0,,0.5,,,,,,,,,,,0.08,,,,,,,,0.0,1.5,,,,,1.0
Turret Press (Punch Press),"Source images for this batch were photos of a monitor with visible glare/blur (unlike prior batches which were clean digital screenshots). Core fields (price, manufacturer, labor rate, bed/sheet dimensions, preferred flag, avg utilization) were legible and are high-confidence. Some secondary fields for a few rows near the bottom of the DO/IO and tooling tables (images 2,3,5) were harder to distinguish with certainty - these are included but flagged per-row where confidence is lower. Recommend a quick visual spot-check against the original tool if these machines feed into cost-critical calculations.",Default Turret Press,,5.0,0.85,,,,,,,,,,,,25.72,2.0,,1.0,17.01,20.0,FALSE,36.3,1.25,6096.0,10,USA,20.0,266692.31,80.0,3048.0,,,,,,,,114.3,,,3048.0,1524.0,,,,,,,7.0,8.0,7.0,5.8,6.35,0.5,,,,500.0,6.35,0.5,,,,,,,1.0,58,,,0.0,3.5,,,,,,,,328.8,,,,,,,,,,0.0,,0.5,,,,,,,,,,,0.08,,,,,,,,0.0,1.5,,,,,1.0
Turret Press (Punch Press),"Source images for this batch were photos of a monitor with visible glare/blur (unlike prior batches which were clean digital screenshots). Core fields (price, manufacturer, labor rate, bed/sheet dimensions, preferred flag, avg utilization) were legible and are high-confidence. Some secondary fields for a few rows near the bottom of the DO/IO and tooling tables (images 2,3,5) were harder to distinguish with certainty - these are included but flagged per-row where confidence is lower. Recommend a quick visual spot-check against the original tool if these machines feed into cost-critical calculations.",Finn-Power F Series,,5.0,0.85,,,,,,,,,,,,15.13,2.0,,1.0,15.72,20.0,FALSE,36.3,1.25,4248.91,10,USA,20.0,375000.0,80.0,2599.44,,,,,,,,80.9,,,2540.0,1219.0,,,,,,,10.0,6.88,7.4,10.0,6.0,0.5,,,,500.0,6.35,0.5,,,,,,,1.0,20,,,0.0,3.5,,,,,,,,328.8,,,,,,,,,,0.0,,0.5,,,,,,,,,,,0.08,,,,,,,,0.0,1.5,,,,,1.0
Turret Press (Punch Press),"Source images for this batch were photos of a monitor with visible glare/blur (unlike prior batches which were clean digital screenshots). Core fields (price, manufacturer, labor rate, bed/sheet dimensions, preferred flag, avg utilization) were legible and are high-confidence. Some secondary fields for a few rows near the bottom of the DO/IO and tooling tables (images 2,3,5) were harder to distinguish with certainty - these are included but flagged per-row where confidence is lower. Recommend a quick visual spot-check against the original tool if these machines feed into cost-critical calculations.",Grand International CP1250,,5.0,0.85,,,,,,,,,,,,15.13,2.0,,1.0,16.6,20.0,FALSE,36.3,1.25,5050.54,10,USA,20.0,200000.0,80.0,3200.4,,,,,,,,114.3,,,3048.0,1524.0,,,,,,,7.0,8.0,7.0,5.8,6.35,0.5,,,,500.0,6.35,0.5,,,,,,,1.0,58,,,0.0,3.5,,,,,,,,328.8,,,,,,,,,,0.0,,0.5,,,,,,,,,,,0.08,,,,,,,,0.0,1.5,,,,,1.0
Turret Press (Punch Press),"Source images for this batch were photos of a monitor with visible glare/blur (unlike prior batches which were clean digital screenshots). Core fields (price, manufacturer, labor rate, bed/sheet dimensions, preferred flag, avg utilization) were legible and are high-confidence. Some secondary fields for a few rows near the bottom of the DO/IO and tooling tables (images 2,3,5) were harder to distinguish with certainty - these are included but flagged per-row where confidence is lower. Recommend a quick visual spot-check against the original tool if these machines feed into cost-critical calculations.",Grand International CP1500,,5.0,0.85,,,,,,,,,,,,15.13,2.0,,1.0,18.24,20.0,FALSE,36.3,1.25,5099.3,10,USA,20.0,200000.0,80.0,6099.3,,,,,,,,114.3,,,4978.0,1524.0,,,,,,,7.0,8.0,7.0,5.8,6.35,0.5,,,,500.0,6.35,0.5,,,,,,,1.0,40,,,0.0,3.5,,,,,,,,328.8,,,,,,,,,,0.0,,0.5,,,,,,,,,,,0.08,,,,,,,,0.0,1.5,,,,,1.0
Turret Press (Punch Press),"Source images for this batch were photos of a monitor with visible glare/blur (unlike prior batches which were clean digital screenshots). Core fields (price, manufacturer, labor rate, bed/sheet dimensions, preferred flag, avg utilization) were legible and are high-confidence. Some secondary fields for a few rows near the bottom of the DO/IO and tooling tables (images 2,3,5) were harder to distinguish with certainty - these are included but flagged per-row where confidence is lower. Recommend a quick visual spot-check against the original tool if these machines feed into cost-critical calculations.",Grand International CP2500,,5.0,0.85,,,,,,,,,,,,16.04,2.0,,1.0,17.94,20.0,FALSE,36.3,1.25,5291.33,10,Japan,20.0,215000.0,80.0,4541.52,,,,,,,,88.9,,,2500.0,1250.0,,,,,,,7.0,7.0,8.0,5.8,8.0,0.5,,,,500.0,6.35,0.5,,,,,,,1.0,76,,,0.0,3.5,,,,,,,,490.3,,,,,,,,,,0.0,,0.5,,,,,,,,,,,0.08,,,,,,,,0.0,1.5,,,,,1.0
Turret Press (Punch Press),"Source images for this batch were photos of a monitor with visible glare/blur (unlike prior batches which were clean digital screenshots). Core fields (price, manufacturer, labor rate, bed/sheet dimensions, preferred flag, avg utilization) were legible and are high-confidence. Some secondary fields for a few rows near the bottom of the DO/IO and tooling tables (images 2,3,5) were harder to distinguish with certainty - these are included but flagged per-row where confidence is lower. Recommend a quick visual spot-check against the original tool if these machines feed into cost-critical calculations.",Grand International HP2500,,5.0,0.85,,,,,,,,,,,,15.43,2.0,,1.0,18.28,20.0,FALSE,36.3,1.25,6096.0,10,Japan,20.0,205000.0,80.0,4267.2,,,,,,,,88.9,,,1260.0,1250.0,,,,,,,8.0,7.0,8.0,5.8,6.35,0.5,,,,500.0,6.35,0.5,,,,,,,1.0,22,,,0.0,3.5,,,,,,,,215.8,,,,,,,,,,0.0,,0.5,,,,,,,,,,,0.08,,,,,,,,0.0,1.5,,,,,1.0
Turret Press (Punch Press),"Source images for this batch were photos of a monitor with visible glare/blur (unlike prior batches which were clean digital screenshots). Core fields (price, manufacturer, labor rate, bed/sheet dimensions, preferred flag, avg utilization) were legible and are high-confidence. Some secondary fields for a few rows near the bottom of the DO/IO and tooling tables (images 2,3,5) were harder to distinguish with certainty - these are included but flagged per-row where confidence is lower. Recommend a quick visual spot-check against the original tool if these machines feed into cost-critical calculations.",Nisshinbo HIQ-1250/30H,,5.0,0.85,,,,,,,,,,,,16.04,2.0,,1.0,17.94,20.0,FALSE,36.3,1.25,5291.13,10,Japan,20.0,215000.0,80.0,4541.52,,,,,,,,88.9,,,2500.0,1250.0,,,,,,,7.0,7.0,7.0,5.8,6.35,0.5,,,,500.0,6.35,0.5,,,,,,,1.0,30,,,0.0,3.5,,,,,,,,328.8,,,,,,,,,,0.0,,0.5,,,,,,,,,,,0.08,,,,,,,,0.0,1.5,,,,,1.0
Turret Press (Punch Press),"Source images for this batch were photos of a monitor with visible glare/blur (unlike prior batches which were clean digital screenshots). Core fields (price, manufacturer, labor rate, bed/sheet dimensions, preferred flag, avg utilization) were legible and are high-confidence. Some secondary fields for a few rows near the bottom of the DO/IO and tooling tables (images 2,3,5) were harder to distinguish with certainty - these are included but flagged per-row where confidence is lower. Recommend a quick visual spot-check against the original tool if these machines feed into cost-critical calculations.",Nisshinbo HIQ-2044,,5.0,0.85,,,,,,,,,,,,15.43,2.0,,1.0,18.28,20.0,FALSE,36.3,1.25,6096.0,10,Japan,20.0,205000.0,80.0,4267.2,,,,,,,,88.9,,,1260.0,1250.0,,,,,,,8.0,7.0,8.0,5.8,6.35,0.5,,,,500.0,6.35,0.5,,,,,,,1.0,22,,,0.0,3.5,,,,,,,,215.8,,,,,,,,,,0.0,,0.5,,,,,,,,,,,0.08,,,,,,,,0.0,1.5,,,,,1.0
Turret Press (Punch Press),"Source images for this batch were photos of a monitor with visible glare/blur (unlike prior batches which were clean digital screenshots). Core fields (price, manufacturer, labor rate, bed/sheet dimensions, preferred flag, avg utilization) were legible and are high-confidence. Some secondary fields for a few rows near the bottom of the DO/IO and tooling tables (images 2,3,5) were harder to distinguish with certainty - these are included but flagged per-row where confidence is lower. Recommend a quick visual spot-check against the original tool if these machines feed into cost-critical calculations.",Nisshinbo HTP-1000,,5.0,0.85,,,,,,,,,,,,14.52,2.0,,1.0,18.28,20.0,FALSE,36.3,1.25,6096.0,10,Japan,20.0,190000.0,80.0,4267.2,,,,,,,,88.9,,,1270.0,1270.0,,,,,,,7.0,7.0,7.0,5.8,6.35,0.5,,,,500.0,6.35,0.5,,,,,,,1.0,19,,,0.0,3.5,,,,,,,,215.8,,,,,,,,,,0.0,,0.5,,,,,,,,,,,0.08,,,,,,,,0.0,1.5,,,,,1.0
Turret Press (Punch Press),"Source images for this batch were photos of a monitor with visible glare/blur (unlike prior batches which were clean digital screenshots). Core fields (price, manufacturer, labor rate, bed/sheet dimensions, preferred flag, avg utilization) were legible and are high-confidence. Some secondary fields for a few rows near the bottom of the DO/IO and tooling tables (images 2,3,5) were harder to distinguish with certainty - these are included but flagged per-row where confidence is lower. Recommend a quick visual spot-check against the original tool if these machines feed into cost-critical calculations.",Nisshinbo HTP-650,,5.0,0.85,,,,,,,,,,,,12.1,2.0,,1.0,18.28,20.0,FALSE,36.3,1.25,6096.0,10,Japan,20.0,150000.0,80.0,4267.2,,,,,,,,88.9,,,1260.0,650.0,,,,,,,8.0,7.0,8.0,5.6,6.35,0.5,,,,500.0,6.35,0.5,,,,,,,1.0,22,,,0.0,3.5,,,,,,,,215.8,,,,,,,,,,0.0,,0.5,,,,,,,,,,,0.08,,,,,,,,0.0,1.5,,,,,1.0
Turret Press (Punch Press),"Source images for this batch were photos of a monitor with visible glare/blur (unlike prior batches which were clean digital screenshots). Core fields (price, manufacturer, labor rate, bed/sheet dimensions, preferred flag, avg utilization) were legible and are high-confidence. Some secondary fields for a few rows near the bottom of the DO/IO and tooling tables (images 2,3,5) were harder to distinguish with certainty - these are included but flagged per-row where confidence is lower. Recommend a quick visual spot-check against the original tool if these machines feed into cost-critical calculations.","Turret Press - 4.5mm Steel, 6mm Aluminum Max Thickness",,5.0,0.85,,,,,,,,,,,,15.13,2.0,,1.0,17.29,20.0,TRUE,36.3,1.25,5050.0,10,Virtual,20.0,200000.0,80.0,4000.0,,,,,,,,114.3,,,3000.0,1200.0,,,,,,,6.0,5.0,6.0,4.5,4.5,0.5,,,,500.0,6.35,0.5,,,,,,,1.0,30,,,0.0,3.5,,,,,,,,328.8,,,,,,,,,,0.0,,0.5,,,,,,,,,,,0.08,,,,,,,,0.0,1.5,,,,,1.0
Turret Press (Punch Press),"Source images for this batch were photos of a monitor with visible glare/blur (unlike prior batches which were clean digital screenshots). Core fields (price, manufacturer, labor rate, bed/sheet dimensions, preferred flag, avg utilization) were legible and are high-confidence. Some secondary fields for a few rows near the bottom of the DO/IO and tooling tables (images 2,3,5) were harder to distinguish with certainty - these are included but flagged per-row where confidence is lower. Recommend a quick visual spot-check against the original tool if these machines feed into cost-critical calculations.","Turret Press - 6mm Steel, 8mm Aluminum Max Thickness",,5.0,0.85,,,,,,,,,,,,17.25,2.0,,1.0,21.02,20.0,TRUE,36.3,1.25,7000.0,10,Virtual,20.0,235000.0,80.0,6000.0,,,,,,,,114.3,,,5000.0,1524.0,,,,,,,8.0,7.0,8.0,6.0,6.0,0.5,,,,500.0,6.35,0.5,,,,,,,1.0,30,,,0.0,3.5,,,,,,,,328.8,,,,,,,,,,0.0,,0.5,,,,,,,,,,,0.08,,,,,,,,0.0,1.5,,,,,1.0
Turret Press (Punch Press),"Source images for this batch were photos of a monitor with visible glare/blur (unlike prior batches which were clean digital screenshots). Core fields (price, manufacturer, labor rate, bed/sheet dimensions, preferred flag, avg utilization) were legible and are high-confidence. Some secondary fields for a few rows near the bottom of the DO/IO and tooling tables (images 2,3,5) were harder to distinguish with certainty - these are included but flagged per-row where confidence is lower. Recommend a quick visual spot-check against the original tool if these machines feed into cost-critical calculations.","Turret Press - 8mm Steel, 10mm Aluminum Max Thickness",,5.0,0.85,,,,,,,,,,,,34.8,2.0,,1.0,26.15,20.0,TRUE,36.3,1.25,9000.0,10,Virtual,20.0,525000.0,80.0,8000.0,,,,,,,,114.3,,,3000.0,1524.0,,,,,,,10.0,9.0,10.0,8.0,8.0,0.5,,,,500.0,6.35,0.5,,,,,,,1.0,50,,,0.0,3.5,,,,,,,,328.8,,,,,,,,,,0.0,,0.5,,,,,,,,,,,0.08,,,,,,,,0.0,1.5,,,,,1.0
Progressive Die Press,"Source images are photos of a monitor with visible glare/blur (not clean screenshots). Row identity and press_force_kn were cross-validated as identical and in the same order across all 4 source images, confirming no row misalignment. However, shut_height_mm was only clearly legible for the 5 'Progressive Die Press - X,000kN' rows and the 4 Aida SMX rows; for Schuler and United Power rows it is set to null because the visible digits were ambiguous with an adjacent column under glare and a fabricated value would be unreliable for costing. machine_power_kw is null for the 2 Schuler models (1150 Ton, A2/200-360) for the same reason. max_thickness_brass_mm, max_thickness_copper_mm and max_thickness_stainless_steel_mm were not distinctly legible per-row for Schuler/United Power/Niagara/Bliss (only max_thickness_aluminum_mm was confidently read) and are omitted pending source verification -- recommend confirming these against the original reference-data session if precision on thickness limits matters for costing.",Aida SMX-0-L2-3000,,5.0,0.7,,,,,,0.0,,,,,,27.38,3.0,,1.0,16.02,20.0,FALSE,36.3,1.0,4360.0,10,Japan,37.0,360000.0,80.0,1740.0,,0.03,,,,,,,,,,,,,,,,,0.0,,,,,,,,,,,,,,,,,,1.0,,,,0.0,,,,,6.0,,,,3000,2150.0,1430.0,,,,,,,,0.0,,0.56,,,,,900.0,,6.0,,,,,,,,,,,22.5,0.0,,,0.0,,,1.0
Progressive Die Press,"Source images are photos of a monitor with visible glare/blur (not clean screenshots). Row identity and press_force_kn were cross-validated as identical and in the same order across all 4 source images, confirming no row misalignment. However, shut_height_mm was only clearly legible for the 5 'Progressive Die Press - X,000kN' rows and the 4 Aida SMX rows; for Schuler and United Power rows it is set to null because the visible digits were ambiguous with an adjacent column under glare and a fabricated value would be unreliable for costing. machine_power_kw is null for the 2 Schuler models (1150 Ton, A2/200-360) for the same reason. max_thickness_brass_mm, max_thickness_copper_mm and max_thickness_stainless_steel_mm were not distinctly legible per-row for Schuler/United Power/Niagara/Bliss (only max_thickness_aluminum_mm was confidently read) and are omitted pending source verification -- recommend confirming these against the original reference-data session if precision on thickness limits matters for costing.",Aida SMX-0-L2-4000,,5.0,0.7,,,,,,0.0,,,,,,35.55,3.0,,1.0,18.68,20.0,FALSE,36.3,1.0,5000.0,10,Japan,55.0,450000.0,80.0,1780.0,,0.03,,,,,,,,,,,,,,,,,0.0,,,,,,,,,,,,,,,,,,1.0,,,,0.0,,,,,6.0,,,,4000,2500.0,1430.0,,,,,,,,0.0,,0.56,,,,,1020.0,,6.0,,,,,,,,,,,22.5,0.0,,,0.0,,,1.0
Progressive Die Press,"Source images are photos of a monitor with visible glare/blur (not clean screenshots). Row identity and press_force_kn were cross-validated as identical and in the same order across all 4 source images, confirming no row misalignment. However, shut_height_mm was only clearly legible for the 5 'Progressive Die Press - X,000kN' rows and the 4 Aida SMX rows; for Schuler and United Power rows it is set to null because the visible digits were ambiguous with an adjacent column under glare and a fabricated value would be unreliable for costing. machine_power_kw is null for the 2 Schuler models (1150 Ton, A2/200-360) for the same reason. max_thickness_brass_mm, max_thickness_copper_mm and max_thickness_stainless_steel_mm were not distinctly legible per-row for Schuler/United Power/Niagara/Bliss (only max_thickness_aluminum_mm was confidently read) and are omitted pending source verification -- recommend confirming these against the original reference-data session if precision on thickness limits matters for costing.",Aida SMX-0-L2-5000,,5.0,0.7,,,,,,0.0,,,,,,46.94,3.0,,1.0,19.03,20.0,FALSE,36.3,1.0,5500.0,10,Japan,75.0,585000.0,80.0,4050.0,,0.03,,,,,,,,,,,,,,,,,0.0,,,,,,,,,,,,,,,,,,1.0,,,,0.0,,,,,6.0,,,,5000,2500.0,1430.0,,,,,,,,0.0,,0.56,,,,,1150.0,,6.0,,,,,,,,,,,20.0,0.0,,,0.0,,,1.0
Progressive Die Press,"Source images are photos of a monitor with visible glare/blur (not clean screenshots). Row identity and press_force_kn were cross-validated as identical and in the same order across all 4 source images, confirming no row misalignment. However, shut_height_mm was only clearly legible for the 5 'Progressive Die Press - X,000kN' rows and the 4 Aida SMX rows; for Schuler and United Power rows it is set to null because the visible digits were ambiguous with an adjacent column under glare and a fabricated value would be unreliable for costing. machine_power_kw is null for the 2 Schuler models (1150 Ton, A2/200-360) for the same reason. max_thickness_brass_mm, max_thickness_copper_mm and max_thickness_stainless_steel_mm were not distinctly legible per-row for Schuler/United Power/Niagara/Bliss (only max_thickness_aluminum_mm was confidently read) and are omitted pending source verification -- recommend confirming these against the original reference-data session if precision on thickness limits matters for costing.",Aida SMX-0-L2-6000,,5.0,0.7,,,,,,0.0,,,,,,57.62,3.0,,1.0,19.55,20.0,FALSE,36.3,1.0,5500.0,10,Japan,75.0,720000.0,80.0,4050.0,,0.03,,,,,,,,,,,,,,,,,0.0,,,,,,,,,,,,,,,,,,1.0,,,,0.0,,,,,6.0,,,,6000,2750.0,1500.0,,,,,,,,0.0,,0.56,,,,,1150.0,,6.0,,,,,,,,,,,20.0,0.0,,,0.0,,,1.0
Progressive Die Press,"Source images are photos of a monitor with visible glare/blur (not clean screenshots). Row identity and press_force_kn were cross-validated as identical and in the same order across all 4 source images, confirming no row misalignment. However, shut_height_mm was only clearly legible for the 5 'Progressive Die Press - X,000kN' rows and the 4 Aida SMX rows; for Schuler and United Power rows it is set to null because the visible digits were ambiguous with an adjacent column under glare and a fabricated value would be unreliable for costing. machine_power_kw is null for the 2 Schuler models (1150 Ton, A2/200-360) for the same reason. max_thickness_brass_mm, max_thickness_copper_mm and max_thickness_stainless_steel_mm were not distinctly legible per-row for Schuler/United Power/Niagara/Bliss (only max_thickness_aluminum_mm was confidently read) and are omitted pending source verification -- recommend confirming these against the original reference-data session if precision on thickness limits matters for costing.",Aida UMX-1100,,5.0,0.7,,,,,,0.0,,,,,,11.1,3.0,,1.0,15.18,20.0,FALSE,36.3,1.0,2780.0,10,Japan,15.0,146000.0,80.0,1903.0,,0.03,,,,,,,,,,,,,,,,,0.0,,,,,,,,,,,,,,,,,,1.0,,,,0.0,,,,,6.0,,,,1078,1200.0,550.0,,,,,,,,0.0,,0.56,,,,,500.0,,6.0,,,,,,,,,,,175.0,0.0,,,0.0,,,1.0
Progressive Die Press,"Source images are photos of a monitor with visible glare/blur (not clean screenshots). Row identity and press_force_kn were cross-validated as identical and in the same order across all 4 source images, confirming no row misalignment. However, shut_height_mm was only clearly legible for the 5 'Progressive Die Press - X,000kN' rows and the 4 Aida SMX rows; for Schuler and United Power rows it is set to null because the visible digits were ambiguous with an adjacent column under glare and a fabricated value would be unreliable for costing. machine_power_kw is null for the 2 Schuler models (1150 Ton, A2/200-360) for the same reason. max_thickness_brass_mm, max_thickness_copper_mm and max_thickness_stainless_steel_mm were not distinctly legible per-row for Schuler/United Power/Niagara/Bliss (only max_thickness_aluminum_mm was confidently read) and are omitted pending source verification -- recommend confirming these against the original reference-data session if precision on thickness limits matters for costing.",Aida UMX-600,,5.0,0.7,,,,,,0.0,,,,,,5.78,3.0,,1.0,15.01,20.0,FALSE,36.3,1.0,2430.0,10,Japan,11.0,68000.0,80.0,1895.0,,0.03,,,,,,,,,,,,,,,,,0.0,,,,,,,,,,,,,,,,,,1.0,,,,0.0,,,,,6.0,,,,588,950.0,450.0,,,,,,,,0.0,,0.56,,,,,445.0,,6.0,,,,,,,,,,,165.0,0.0,,,0.0,,,1.0
Progressive Die Press,"Source images are photos of a monitor with visible glare/blur (not clean screenshots). Row identity and press_force_kn were cross-validated as identical and in the same order across all 4 source images, confirming no row misalignment. However, shut_height_mm was only clearly legible for the 5 'Progressive Die Press - X,000kN' rows and the 4 Aida SMX rows; for Schuler and United Power rows it is set to null because the visible digits were ambiguous with an adjacent column under glare and a fabricated value would be unreliable for costing. machine_power_kw is null for the 2 Schuler models (1150 Ton, A2/200-360) for the same reason. max_thickness_brass_mm, max_thickness_copper_mm and max_thickness_stainless_steel_mm were not distinctly legible per-row for Schuler/United Power/Niagara/Bliss (only max_thickness_aluminum_mm was confidently read) and are omitted pending source verification -- recommend confirming these against the original reference-data session if precision on thickness limits matters for costing.",Aida UMX-800,,5.0,0.7,,,,,,0.0,,,,,,7.86,3.0,,1.0,15.01,20.0,FALSE,36.3,1.0,2430.0,10,Japan,11.0,99000.0,80.0,1895.0,,0.03,,,,,,,,,,,,,,,,,0.0,,,,,,,,,,,,,,,,,,1.0,,,,0.0,,,,,6.0,,,,784,950.0,450.0,,,,,,,,0.0,,0.56,,,,,445.0,,6.0,,,,,,,,,,,165.0,0.0,,,0.0,,,1.0
Progressive Die Press,"Source images are photos of a monitor with visible glare/blur (not clean screenshots). Row identity and press_force_kn were cross-validated as identical and in the same order across all 4 source images, confirming no row misalignment. However, shut_height_mm was only clearly legible for the 5 'Progressive Die Press - X,000kN' rows and the 4 Aida SMX rows; for Schuler and United Power rows it is set to null because the visible digits were ambiguous with an adjacent column under glare and a fabricated value would be unreliable for costing. machine_power_kw is null for the 2 Schuler models (1150 Ton, A2/200-360) for the same reason. max_thickness_brass_mm, max_thickness_copper_mm and max_thickness_stainless_steel_mm were not distinctly legible per-row for Schuler/United Power/Niagara/Bliss (only max_thickness_aluminum_mm was confidently read) and are omitted pending source verification -- recommend confirming these against the original reference-data session if precision on thickness limits matters for costing.",Bliss - B-35,,5.0,0.7,,,,,,0.0,,,,,,85.03,3.0,,1.0,32.44,20.0,FALSE,36.3,1.0,10363.2,10,USA,22.38,1270000.0,80.0,6995.16,,0.03,,,,,,,,,,,,,,,,,28.0,,,,,,,,,,,,,,,,,,1.0,,,,0.0,,,,,6.0,,,,7971,5181.6,2590.86,,,,,,,,0.0,,0.65,,,,,1320.8,,6.0,,,,,,,,,,,18.5,0.0,,,0.0,,,1.0
Progressive Die Press,"Source images are photos of a monitor with visible glare/blur (not clean screenshots). Row identity and press_force_kn were cross-validated as identical and in the same order across all 4 source images, confirming no row misalignment. However, shut_height_mm was only clearly legible for the 5 'Progressive Die Press - X,000kN' rows and the 4 Aida SMX rows; for Schuler and United Power rows it is set to null because the visible digits were ambiguous with an adjacent column under glare and a fabricated value would be unreliable for costing. machine_power_kw is null for the 2 Schuler models (1150 Ton, A2/200-360) for the same reason. max_thickness_brass_mm, max_thickness_copper_mm and max_thickness_stainless_steel_mm were not distinctly legible per-row for Schuler/United Power/Niagara/Bliss (only max_thickness_aluminum_mm was confidently read) and are omitted pending source verification -- recommend confirming these against the original reference-data session if precision on thickness limits matters for costing.",Default Press,,5.0,0.7,,,,,,0.0,,,,,,28.0,3.0,,1.0,16.33,20.0,FALSE,36.3,1.0,3000.0,10,USA,57.88,318000.0,80.0,3240.0,,0.03,,,,,,,,,,,,,,,,,0.0,,,,,,,,,,,,,,,,,,1.0,,,,0.0,,,,,6.0,,,,2000,1500.0,1200.0,,,,,,,,0.0,,0.48,,,,,,,6.0,,,,,,,,,,,16.5,0.0,,,0.0,,,1.0
Progressive Die Press,"Source images are photos of a monitor with visible glare/blur (not clean screenshots). Row identity and press_force_kn were cross-validated as identical and in the same order across all 4 source images, confirming no row misalignment. However, shut_height_mm was only clearly legible for the 5 'Progressive Die Press - X,000kN' rows and the 4 Aida SMX rows; for Schuler and United Power rows it is set to null because the visible digits were ambiguous with an adjacent column under glare and a fabricated value would be unreliable for costing. machine_power_kw is null for the 2 Schuler models (1150 Ton, A2/200-360) for the same reason. max_thickness_brass_mm, max_thickness_copper_mm and max_thickness_stainless_steel_mm were not distinctly legible per-row for Schuler/United Power/Niagara/Bliss (only max_thickness_aluminum_mm was confidently read) and are omitted pending source verification -- recommend confirming these against the original reference-data session if precision on thickness limits matters for costing.",Niagara - E511B,,5.0,0.7,,,,,,0.0,,,,,,105.6,3.0,,1.0,26.19,20.0,FALSE,36.3,1.0,9753.6,10,USA,22.38,1590000.0,80.0,4937.76,,0.03,,,,,,,,,,,,,,,,,38.0,,,,,,,,,,,,,,,,,,1.0,,,,0.0,,,,,6.0,,,,9964,4876.8,1828.8,,,,,,,,0.0,,0.72,,,,,,,6.0,,,,,,,,,,,120.0,0.0,,,0.0,,,1.0
Progressive Die Press,"Source images are photos of a monitor with visible glare/blur (not clean screenshots). Row identity and press_force_kn were cross-validated as identical and in the same order across all 4 source images, confirming no row misalignment. However, shut_height_mm was only clearly legible for the 5 'Progressive Die Press - X,000kN' rows and the 4 Aida SMX rows; for Schuler and United Power rows it is set to null because the visible digits were ambiguous with an adjacent column under glare and a fabricated value would be unreliable for costing. machine_power_kw is null for the 2 Schuler models (1150 Ton, A2/200-360) for the same reason. max_thickness_brass_mm, max_thickness_copper_mm and max_thickness_stainless_steel_mm were not distinctly legible per-row for Schuler/United Power/Niagara/Bliss (only max_thickness_aluminum_mm was confidently read) and are omitted pending source verification -- recommend confirming these against the original reference-data session if precision on thickness limits matters for costing.","Progressive Die Press - 1,500kN Press Force",,5.0,0.7,,,,,,0.0,,,,,,16.64,3.0,,1.0,15.63,20.0,TRUE,36.3,1.0,2500.0,10,Virtual,30.0,200000.0,80.0,2800.0,,0.03,,,,,,,,,,,,,,,,,0.0,,,,,,,,,,,,,,,,,,1.0,,,,0.0,,,,,6.0,,,,1500,1000.0,700.0,,,,,,,,0.0,,0.47,,,,,1500.0,,6.0,,,,,,,,,,,15.0,0.0,,,0.0,,,1.0
Progressive Die Press,"Source images are photos of a monitor with visible glare/blur (not clean screenshots). Row identity and press_force_kn were cross-validated as identical and in the same order across all 4 source images, confirming no row misalignment. However, shut_height_mm was only clearly legible for the 5 'Progressive Die Press - X,000kN' rows and the 4 Aida SMX rows; for Schuler and United Power rows it is set to null because the visible digits were ambiguous with an adjacent column under glare and a fabricated value would be unreliable for costing. machine_power_kw is null for the 2 Schuler models (1150 Ton, A2/200-360) for the same reason. max_thickness_brass_mm, max_thickness_copper_mm and max_thickness_stainless_steel_mm were not distinctly legible per-row for Schuler/United Power/Niagara/Bliss (only max_thickness_aluminum_mm was confidently read) and are omitted pending source verification -- recommend confirming these against the original reference-data session if precision on thickness limits matters for costing.","Progressive Die Press - 10,000kN Press Force",,5.0,0.7,,,,,,0.0,,,,,,111.54,3.0,,1.0,31.15,30.0,TRUE,36.3,1.0,10000.0,10,Virtual,100.0,1500000.0,80.0,6750.0,,0.03,,,,,,,,,,,,,,,,,0.0,,,,,,,,,,,,,,,,,,1.0,,,,0.0,,,,,6.0,,,,10000,5000.0,2500.0,,,,,,,,0.0,,0.72,,,,,3000.0,,6.0,,,,,,,,,,,15.0,0.0,,,0.0,,,1.0
Progressive Die Press,"Source images are photos of a monitor with visible glare/blur (not clean screenshots). Row identity and press_force_kn were cross-validated as identical and in the same order across all 4 source images, confirming no row misalignment. However, shut_height_mm was only clearly legible for the 5 'Progressive Die Press - X,000kN' rows and the 4 Aida SMX rows; for Schuler and United Power rows it is set to null because the visible digits were ambiguous with an adjacent column under glare and a fabricated value would be unreliable for costing. machine_power_kw is null for the 2 Schuler models (1150 Ton, A2/200-360) for the same reason. max_thickness_brass_mm, max_thickness_copper_mm and max_thickness_stainless_steel_mm were not distinctly legible per-row for Schuler/United Power/Niagara/Bliss (only max_thickness_aluminum_mm was confidently read) and are omitted pending source verification -- recommend confirming these against the original reference-data session if precision on thickness limits matters for costing.","Progressive Die Press - 3,000kN Press Force",,5.0,0.7,,,,,,0.0,,,,,,36.31,3.0,,1.0,16.49,20.0,TRUE,36.3,1.0,3200.0,10,Virtual,40.0,500000.0,80.0,3240.0,,0.03,,,,,,,,,,,,,,,,,0.0,,,,,,,,,,,,,,,,,,1.0,,,,0.0,,,,,6.0,,,,3000,1600.0,1200.0,,,,,,,,0.0,,0.52,,,,,3000.0,,6.0,,,,,,,,,,,21.5,0.0,,,0.0,,,1.0
Progressive Die Press,"Source images are photos of a monitor with visible glare/blur (not clean screenshots). Row identity and press_force_kn were cross-validated as identical and in the same order across all 4 source images, confirming no row misalignment. However, shut_height_mm was only clearly legible for the 5 'Progressive Die Press - X,000kN' rows and the 4 Aida SMX rows; for Schuler and United Power rows it is set to null because the visible digits were ambiguous with an adjacent column under glare and a fabricated value would be unreliable for costing. machine_power_kw is null for the 2 Schuler models (1150 Ton, A2/200-360) for the same reason. max_thickness_brass_mm, max_thickness_copper_mm and max_thickness_stainless_steel_mm were not distinctly legible per-row for Schuler/United Power/Niagara/Bliss (only max_thickness_aluminum_mm was confidently read) and are omitted pending source verification -- recommend confirming these against the original reference-data session if precision on thickness limits matters for costing.","Progressive Die Press - 5,000kN Press Force",,5.0,0.7,,,,,,0.0,,,,,,62.2,3.0,,1.0,17.44,30.0,TRUE,36.3,1.0,4000.0,10,Virtual,60.0,850000.0,80.0,3510.0,,0.03,,,,,,,,,,,,,,,,,0.0,,,,,,,,,,,,,,,,,,1.0,,,,0.0,,,,,6.0,,,,5000,2000.0,1300.0,,,,,,,,0.0,,0.53,,,,,5000.0,,6.0,,,,,,,,,,,20.0,0.0,,,0.0,,,1.0
Progressive Die Press,"Source images are photos of a monitor with visible glare/blur (not clean screenshots). Row identity and press_force_kn were cross-validated as identical and in the same order across all 4 source images, confirming no row misalignment. However, shut_height_mm was only clearly legible for the 5 'Progressive Die Press - X,000kN' rows and the 4 Aida SMX rows; for Schuler and United Power rows it is set to null because the visible digits were ambiguous with an adjacent column under glare and a fabricated value would be unreliable for costing. machine_power_kw is null for the 2 Schuler models (1150 Ton, A2/200-360) for the same reason. max_thickness_brass_mm, max_thickness_copper_mm and max_thickness_stainless_steel_mm were not distinctly legible per-row for Schuler/United Power/Niagara/Bliss (only max_thickness_aluminum_mm was confidently read) and are omitted pending source verification -- recommend confirming these against the original reference-data session if precision on thickness limits matters for costing.","Progressive Die Press - 7,000kN Press Force",,5.0,0.7,,,,,,0.0,,,,,,83.0,3.0,,1.0,22.39,30.0,TRUE,36.3,1.0,4000.0,10,Virtual,60.0,1150000.0,80.0,3510.0,,0.03,,,,,,,,,,,,,,,,,0.0,,,,,,,,,,,,,,,,,,1.0,,,,0.0,,,,,6.0,,,,7000,2500.0,1900.0,,,,,,,,0.0,,0.55,,,,,7000.0,,6.0,,,,,,,,,,,20.0,0.0,,,0.0,,,1.0
Progressive Die Press,"Source images are photos of a monitor with visible glare/blur (not clean screenshots). Row identity and press_force_kn were cross-validated as identical and in the same order across all 4 source images, confirming no row misalignment. However, shut_height_mm was only clearly legible for the 5 'Progressive Die Press - X,000kN' rows and the 4 Aida SMX rows; for Schuler and United Power rows it is set to null because the visible digits were ambiguous with an adjacent column under glare and a fabricated value would be unreliable for costing. machine_power_kw is null for the 2 Schuler models (1150 Ton, A2/200-360) for the same reason. max_thickness_brass_mm, max_thickness_copper_mm and max_thickness_stainless_steel_mm were not distinctly legible per-row for Schuler/United Power/Niagara/Bliss (only max_thickness_aluminum_mm was confidently read) and are omitted pending source verification -- recommend confirming these against the original reference-data session if precision on thickness limits matters for costing.",Schuler 1150 Ton,,5.0,0.7,,,,,,0.0,,,,,,79.56,3.0,,1.0,25.94,20.0,FALSE,36.3,1.0,6807.2,10,Germany,,1120000.0,80.0,3497.58,,0.03,,,,,,,,,,,,,,,,,112.0,,,,,,,,,,,,,,,,,,1.0,,,,0.0,,,,,6.0,,,,7000,3403.6,1295.4,,,,,,,,0.0,,0.62,,,,,,,6.0,,,,,,,,,,,20.0,0.0,,,0.0,,,1.0
Progressive Die Press,"Source images are photos of a monitor with visible glare/blur (not clean screenshots). Row identity and press_force_kn were cross-validated as identical and in the same order across all 4 source images, confirming no row misalignment. However, shut_height_mm was only clearly legible for the 5 'Progressive Die Press - X,000kN' rows and the 4 Aida SMX rows; for Schuler and United Power rows it is set to null because the visible digits were ambiguous with an adjacent column under glare and a fabricated value would be unreliable for costing. machine_power_kw is null for the 2 Schuler models (1150 Ton, A2/200-360) for the same reason. max_thickness_brass_mm, max_thickness_copper_mm and max_thickness_stainless_steel_mm were not distinctly legible per-row for Schuler/United Power/Niagara/Bliss (only max_thickness_aluminum_mm was confidently read) and are omitted pending source verification -- recommend confirming these against the original reference-data session if precision on thickness limits matters for costing.",Schuler A2/200 - 360,,5.0,0.7,,,,,,0.0,,,,,,55.83,3.0,,1.0,18.89,20.0,FALSE,36.3,1.0,2700.0,10,Germany,,798000.0,80.0,2970.0,,0.03,,,,,,,,,,,,,,,,,112.0,,,,,,,,,,,,,,,,,,1.0,,,,0.0,,,,,6.0,,,,5000,1350.0,1100.0,,,,,,,,0.0,,0.55,,,,,,,6.0,,,,,,,,,,,20.0,0.0,,,0.0,,,1.0
Progressive Die Press,"Source images are photos of a monitor with visible glare/blur (not clean screenshots). Row identity and press_force_kn were cross-validated as identical and in the same order across all 4 source images, confirming no row misalignment. However, shut_height_mm was only clearly legible for the 5 'Progressive Die Press - X,000kN' rows and the 4 Aida SMX rows; for Schuler and United Power rows it is set to null because the visible digits were ambiguous with an adjacent column under glare and a fabricated value would be unreliable for costing. machine_power_kw is null for the 2 Schuler models (1150 Ton, A2/200-360) for the same reason. max_thickness_brass_mm, max_thickness_copper_mm and max_thickness_stainless_steel_mm were not distinctly legible per-row for Schuler/United Power/Niagara/Bliss (only max_thickness_aluminum_mm was confidently read) and are omitted pending source verification -- recommend confirming these against the original reference-data session if precision on thickness limits matters for costing.",Schuler TSD 2000,,5.0,0.7,,,,,,0.0,,,,,,248.15,3.0,,1.0,34.96,20.0,FALSE,36.3,1.0,12200.0,10,Germany,200.0,3600000.0,80.0,6750.0,,0.03,,,,,,,,,,,,,,,,,112.0,,,,,,,,,,,,,,,,,,1.0,,,,0.0,,,,,6.0,,,,20000,6100.0,2500.0,,,,,,,,0.0,,0.86,,,,,,,6.0,,,,,,,,,,,18.5,0.0,,,0.0,,,1.0
Progressive Die Press,"Source images are photos of a monitor with visible glare/blur (not clean screenshots). Row identity and press_force_kn were cross-validated as identical and in the same order across all 4 source images, confirming no row misalignment. However, shut_height_mm was only clearly legible for the 5 'Progressive Die Press - X,000kN' rows and the 4 Aida SMX rows; for Schuler and United Power rows it is set to null because the visible digits were ambiguous with an adjacent column under glare and a fabricated value would be unreliable for costing. machine_power_kw is null for the 2 Schuler models (1150 Ton, A2/200-360) for the same reason. max_thickness_brass_mm, max_thickness_copper_mm and max_thickness_stainless_steel_mm were not distinctly legible per-row for Schuler/United Power/Niagara/Bliss (only max_thickness_aluminum_mm was confidently read) and are omitted pending source verification -- recommend confirming these against the original reference-data session if precision on thickness limits matters for costing.",United Power SHD-220 Ton,,5.0,0.7,,,,,,0.0,,,,,,24.57,3.0,,1.0,16.82,20.0,FALSE,36.3,1.0,3601.72,10,USA,22.37,350000.0,80.0,3236.97,,0.03,,,,,,,,,,,,,,,,,40.0,,,,,,,,,,,,,,,,,,1.0,,,,0.0,,,,,6.0,,,,2192,1800.86,1198.88,,,,,,,,0.0,,0.5,,,,,,,6.0,,,,,,,,,,,25.0,0.0,,,0.0,,,1.0
Progressive Die Press,"Source images are photos of a monitor with visible glare/blur (not clean screenshots). Row identity and press_force_kn were cross-validated as identical and in the same order across all 4 source images, confirming no row misalignment. However, shut_height_mm was only clearly legible for the 5 'Progressive Die Press - X,000kN' rows and the 4 Aida SMX rows; for Schuler and United Power rows it is set to null because the visible digits were ambiguous with an adjacent column under glare and a fabricated value would be unreliable for costing. machine_power_kw is null for the 2 Schuler models (1150 Ton, A2/200-360) for the same reason. max_thickness_brass_mm, max_thickness_copper_mm and max_thickness_stainless_steel_mm were not distinctly legible per-row for Schuler/United Power/Niagara/Bliss (only max_thickness_aluminum_mm was confidently read) and are omitted pending source verification -- recommend confirming these against the original reference-data session if precision on thickness limits matters for costing.",United Power SHD-400 Ton,,5.0,0.7,,,,,,0.0,,,,,,44.13,3.0,,1.0,17.89,20.0,FALSE,36.3,1.0,4508.88,10,USA,37.29,636000.0,80.0,3511.2,,0.03,,,,,,,,,,,,,,,,,80.0,,,,,,,,,,,,,,,,,,1.0,,,,0.0,,,,,6.0,,,,4000,2250.44,1300.48,,,,,,,,0.0,,0.55,,,,,,,6.0,,,,,,,,,,,25.0,0.0,,,0.0,,,1.0
Progressive Die Press,"Source images are photos of a monitor with visible glare/blur (not clean screenshots). Row identity and press_force_kn were cross-validated as identical and in the same order across all 4 source images, confirming no row misalignment. However, shut_height_mm was only clearly legible for the 5 'Progressive Die Press - X,000kN' rows and the 4 Aida SMX rows; for Schuler and United Power rows it is set to null because the visible digits were ambiguous with an adjacent column under glare and a fabricated value would be unreliable for costing. machine_power_kw is null for the 2 Schuler models (1150 Ton, A2/200-360) for the same reason. max_thickness_brass_mm, max_thickness_copper_mm and max_thickness_stainless_steel_mm were not distinctly legible per-row for Schuler/United Power/Niagara/Bliss (only max_thickness_aluminum_mm was confidently read) and are omitted pending source verification -- recommend confirming these against the original reference-data session if precision on thickness limits matters for costing.",United Power SHD-666 Ton,,5.0,0.7,,,,,,0.0,,,,,,79.41,3.0,,1.0,19.03,30.0,FALSE,36.3,1.0,4998.72,10,USA,74.57,1060000.0,80.0,4053.08,,0.03,,,,,,,,,,,,,,,,,112.0,,,,,,,,,,,,,,,,,,1.0,,,,0.0,,,,,6.0,,,,6636,2499.36,1501.14,,,,,,,,0.0,,0.58,,,,,,,6.0,,,,,,,,,,,20.0,0.0,,,0.0,,,1.0
Progressive Die Press,"Source images are photos of a monitor with visible glare/blur (not clean screenshots). Row identity and press_force_kn were cross-validated as identical and in the same order across all 4 source images, confirming no row misalignment. However, shut_height_mm was only clearly legible for the 5 'Progressive Die Press - X,000kN' rows and the 4 Aida SMX rows; for Schuler and United Power rows it is set to null because the visible digits were ambiguous with an adjacent column under glare and a fabricated value would be unreliable for costing. machine_power_kw is null for the 2 Schuler models (1150 Ton, A2/200-360) for the same reason. max_thickness_brass_mm, max_thickness_copper_mm and max_thickness_stainless_steel_mm were not distinctly legible per-row for Schuler/United Power/Niagara/Bliss (only max_thickness_aluminum_mm was confidently read) and are omitted pending source verification -- recommend confirming these against the original reference-data session if precision on thickness limits matters for costing.",United Power SHS-166 Ton,,5.0,0.7,,,,,,0.0,,,,,,18.23,3.0,,1.0,15.1,20.0,FALSE,36.3,1.0,1757.5,10,USA,14.91,264000.0,80.0,2806.16,,0.03,,,,,,,,,,,,,,,,,31.0,,,,,,,,,,,,,,,,,,1.0,,,,0.0,,,,,6.0,,,,1654,701.0,701.04,,,,,,,,0.0,,0.47,,,,,,,6.0,,,,,,,,,,,30.0,0.0,,,0.0,,,1.0
Progressive Die Press,"Source images are photos of a monitor with visible glare/blur (not clean screenshots). Row identity and press_force_kn were cross-validated as identical and in the same order across all 4 source images, confirming no row misalignment. However, shut_height_mm was only clearly legible for the 5 'Progressive Die Press - X,000kN' rows and the 4 Aida SMX rows; for Schuler and United Power rows it is set to null because the visible digits were ambiguous with an adjacent column under glare and a fabricated value would be unreliable for costing. machine_power_kw is null for the 2 Schuler models (1150 Ton, A2/200-360) for the same reason. max_thickness_brass_mm, max_thickness_copper_mm and max_thickness_stainless_steel_mm were not distinctly legible per-row for Schuler/United Power/Niagara/Bliss (only max_thickness_aluminum_mm was confidently read) and are omitted pending source verification -- recommend confirming these against the original reference-data session if precision on thickness limits matters for costing.",United Power SHS-666 Ton,,5.0,0.7,,,,,,0.0,,,,,,79.41,3.0,,1.0,15.99,20.0,FALSE,36.3,1.0,3236.98,10,USA,74.57,1060000.0,80.0,4053.08,,0.03,,,,,,,,,,,,,,,,,112.0,,,,,,,,,,,,,,,,,,1.0,,,,0.0,,,,,6.0,,,,6636,1300.48,1198.88,,,,,,,,0.0,,0.6,,,,,,,6.0,,,,,,,,,,,20.0,0.0,,,0.0,,,1.0
Progressive Die Press,"Source images are photos of a monitor with visible glare/blur (not clean screenshots). Row identity and press_force_kn were cross-validated as identical and in the same order across all 4 source images, confirming no row misalignment. However, shut_height_mm was only clearly legible for the 5 'Progressive Die Press - X,000kN' rows and the 4 Aida SMX rows; for Schuler and United Power rows it is set to null because the visible digits were ambiguous with an adjacent column under glare and a fabricated value would be unreliable for costing. machine_power_kw is null for the 2 Schuler models (1150 Ton, A2/200-360) for the same reason. max_thickness_brass_mm, max_thickness_copper_mm and max_thickness_stainless_steel_mm were not distinctly legible per-row for Schuler/United Power/Niagara/Bliss (only max_thickness_aluminum_mm was confidently read) and are omitted pending source verification -- recommend confirming these against the original reference-data session if precision on thickness limits matters for costing.",United Power THD-137 High Speed,,5.0,0.7,,,,,,0.0,,,,,,17.7,3.0,,1.0,15.26,20.0,FALSE,36.3,1.0,2286.4,10,USA,29.81,218000.0,80.0,2438.4,,0.03,,,,,,,,,,,,,,,,,20.0,,,,,,,,,,,,,,,,,,1.0,,,,0.0,,,,,6.0,,,,1365,1320.8,812.8,,,,,,,,0.0,,0.45,,,,,,,6.0,,,,,,,,,,,400.0,0.0,,,0.0,,,1.0
Progressive Die Press,"Source images are photos of a monitor with visible glare/blur (not clean screenshots). Row identity and press_force_kn were cross-validated as identical and in the same order across all 4 source images, confirming no row misalignment. However, shut_height_mm was only clearly legible for the 5 'Progressive Die Press - X,000kN' rows and the 4 Aida SMX rows; for Schuler and United Power rows it is set to null because the visible digits were ambiguous with an adjacent column under glare and a fabricated value would be unreliable for costing. machine_power_kw is null for the 2 Schuler models (1150 Ton, A2/200-360) for the same reason. max_thickness_brass_mm, max_thickness_copper_mm and max_thickness_stainless_steel_mm were not distinctly legible per-row for Schuler/United Power/Niagara/Bliss (only max_thickness_aluminum_mm was confidently read) and are omitted pending source verification -- recommend confirming these against the original reference-data session if precision on thickness limits matters for costing.",United Power THD-333 High Speed,,5.0,0.7,,,,,,0.0,,,,,,38.78,3.0,,1.0,16.26,20.0,FALSE,36.3,1.0,3454.4,10,USA,44.74,529000.0,80.0,2743.2,,0.03,,,,,,,,,,,,,,,,,63.0,,,,,,,,,,,,,,,,,,1.0,,,,0.0,,,,,6.0,,,,3318,1727.2,1016.0,,,,,,,,0.0,,0.52,,,,,,,6.0,,,,,,,,,,,225.0,0.0,,,0.0,,,1.0
Progressive Die Press,"Source images are photos of a monitor with visible glare/blur (not clean screenshots). Row identity and press_force_kn were cross-validated as identical and in the same order across all 4 source images, confirming no row misalignment. However, shut_height_mm was only clearly legible for the 5 'Progressive Die Press - X,000kN' rows and the 4 Aida SMX rows; for Schuler and United Power rows it is set to null because the visible digits were ambiguous with an adjacent column under glare and a fabricated value would be unreliable for costing. machine_power_kw is null for the 2 Schuler models (1150 Ton, A2/200-360) for the same reason. max_thickness_brass_mm, max_thickness_copper_mm and max_thickness_stainless_steel_mm were not distinctly legible per-row for Schuler/United Power/Niagara/Bliss (only max_thickness_aluminum_mm was confidently read) and are omitted pending source verification -- recommend confirming these against the original reference-data session if precision on thickness limits matters for costing.",United Power THD-66 High Speed,,5.0,0.7,,,,,,0.0,,,,,,8.61,3.0,,1.0,15.1,20.0,FALSE,36.3,1.0,1757.5,10,USA,14.91,105000.0,80.0,2804.16,,0.03,,,,,,,,,,,,,,,,,19.0,,,,,,,,,,,,,,,,,,1.0,,,,0.0,,,,,6.0,,,,658,914.4,609.6,,,,,,,,0.0,,0.42,,,,,,,6.0,,,,,,,,,,,400.0,0.0,,,0.0,,,1.0
Tandem Press,"Confirmed with user this table is the 'Tandem Press' process (images 2/4 labeled these rows 'Tandem Press - X,000kN Press Force'; images 6/7 read 'Standard Press' for the same rows under photo glare -- price/spec match confirmed identical rows, user selected Tandem Press as the correct name). Schuler 1150 Ton, Schuler A2/200-360, Schuler TSD 2000, and all 8 United Power SHD/SHS/THD variants are the same physical machines already captured in the 'Progressive Die Press' category with identical price/manufacturer -- their machine_length_mm/machine_width_mm/machine_power_kw/installation_factor_pct here were cross-validated against that category's clearer source images (8-11) rather than re-read from this batch's blurrier photos (images 1, 4, 7). machine_length_mm, machine_width_mm and machine_power_kw are null for 'Tandem Press - 1,500/3,000/5,000kN Press Force' because image 7 (a blurry phone photo, price-sorted so row-matched by machine_price_usd) was only confidently legible for the 7,000kN row; forcing values for the other three risked silent misreads -- recommend confirming against source if these fields matter.",Default Press,,5.0,0.7,,,,,,0.0,,,,,,28.0,3.0,,1.0,16.33,20.0,FALSE,36.3,1.0,3000.0,10,USA,57.88,318000.0,80.0,3240.0,,0.03,,,,1500.0,1200.0,,,,,,,,,,,,38.0,36.0,38.0,28.0,30.0,,,,,,,,,,,,,,1.0,,,,0.0,,,,,6.0,,,3.6,2000.0,,,,,,,,,,0.0,,0.5,,,,,,,6.0,,,,,,,,,,,,0.0,,,0.0,,,1.0
Tandem Press,"Confirmed with user this table is the 'Tandem Press' process (images 2/4 labeled these rows 'Tandem Press - X,000kN Press Force'; images 6/7 read 'Standard Press' for the same rows under photo glare -- price/spec match confirmed identical rows, user selected Tandem Press as the correct name). Schuler 1150 Ton, Schuler A2/200-360, Schuler TSD 2000, and all 8 United Power SHD/SHS/THD variants are the same physical machines already captured in the 'Progressive Die Press' category with identical price/manufacturer -- their machine_length_mm/machine_width_mm/machine_power_kw/installation_factor_pct here were cross-validated against that category's clearer source images (8-11) rather than re-read from this batch's blurrier photos (images 1, 4, 7). machine_length_mm, machine_width_mm and machine_power_kw are null for 'Tandem Press - 1,500/3,000/5,000kN Press Force' because image 7 (a blurry phone photo, price-sorted so row-matched by machine_price_usd) was only confidently legible for the 7,000kN row; forcing values for the other three risked silent misreads -- recommend confirming against source if these fields matter.",Schuler 1150 Ton,,5.0,0.7,,,,,,0.0,,,,,,72.61,3.0,,1.0,19.94,20.0,FALSE,36.3,1.0,6807.2,10,Germany,,1120000.0,80.0,3497.58,,0.03,,,,3403.6,1295.4,,,,,,,,,,,,112.0,108.0,112.0,83.0,90.0,,,,,,,,,,,,,,1.0,,,,0.0,,,,,6.0,,,3.0,7000.0,,,,,,,,,,0.0,,0.5,,,,,,,6.0,,,,,,,,,,,,0.0,,,0.0,,,1.0
Tandem Press,"Confirmed with user this table is the 'Tandem Press' process (images 2/4 labeled these rows 'Tandem Press - X,000kN Press Force'; images 6/7 read 'Standard Press' for the same rows under photo glare -- price/spec match confirmed identical rows, user selected Tandem Press as the correct name). Schuler 1150 Ton, Schuler A2/200-360, Schuler TSD 2000, and all 8 United Power SHD/SHS/THD variants are the same physical machines already captured in the 'Progressive Die Press' category with identical price/manufacturer -- their machine_length_mm/machine_width_mm/machine_power_kw/installation_factor_pct here were cross-validated against that category's clearer source images (8-11) rather than re-read from this batch's blurrier photos (images 1, 4, 7). machine_length_mm, machine_width_mm and machine_power_kw are null for 'Tandem Press - 1,500/3,000/5,000kN Press Force' because image 7 (a blurry phone photo, price-sorted so row-matched by machine_price_usd) was only confidently legible for the 7,000kN row; forcing values for the other three risked silent misreads -- recommend confirming against source if these fields matter.",Schuler A2/200 - 360,,5.0,0.7,,,,,,0.0,,,,,,55.83,3.0,,1.0,15.89,20.0,FALSE,36.3,1.0,2700.0,10,Germany,,798000.0,80.0,2970.0,,0.03,,,,1350.0,1100.0,,,,,,,,,,,,112.0,108.0,112.0,83.0,90.0,,,,,,,,,,,,,,1.0,,,,0.0,,,,,6.0,,,3.0,5000.0,,,,,,,,,,0.0,,0.5,,,,,,,6.0,,,,,,,,,,,,0.0,,,0.0,,,1.0
Tandem Press,"Confirmed with user this table is the 'Tandem Press' process (images 2/4 labeled these rows 'Tandem Press - X,000kN Press Force'; images 6/7 read 'Standard Press' for the same rows under photo glare -- price/spec match confirmed identical rows, user selected Tandem Press as the correct name). Schuler 1150 Ton, Schuler A2/200-360, Schuler TSD 2000, and all 8 United Power SHD/SHS/THD variants are the same physical machines already captured in the 'Progressive Die Press' category with identical price/manufacturer -- their machine_length_mm/machine_width_mm/machine_power_kw/installation_factor_pct here were cross-validated against that category's clearer source images (8-11) rather than re-read from this batch's blurrier photos (images 1, 4, 7). machine_length_mm, machine_width_mm and machine_power_kw are null for 'Tandem Press - 1,500/3,000/5,000kN Press Force' because image 7 (a blurry phone photo, price-sorted so row-matched by machine_price_usd) was only confidently legible for the 7,000kN row; forcing values for the other three risked silent misreads -- recommend confirming against source if these fields matter.",Schuler TSD 2000,,5.0,0.7,,,,,,0.0,,,,,,248.15,3.0,,1.0,34.96,20.0,FALSE,36.3,1.0,12200.0,10,Germany,200.0,3600000.0,80.0,6750.0,,0.03,,,,6100.0,2500.0,,,,,,,,,,,,112.0,108.0,112.0,83.0,90.0,,,,,,,,,,,,,,1.0,,,,0.0,,,,,6.0,,,3.24,20000.0,,,,,,,,,,0.0,,0.5,,,,,,,6.0,,,,,,,,,,,,0.0,,,0.0,,,1.0
Tandem Press,"Confirmed with user this table is the 'Tandem Press' process (images 2/4 labeled these rows 'Tandem Press - X,000kN Press Force'; images 6/7 read 'Standard Press' for the same rows under photo glare -- price/spec match confirmed identical rows, user selected Tandem Press as the correct name). Schuler 1150 Ton, Schuler A2/200-360, Schuler TSD 2000, and all 8 United Power SHD/SHS/THD variants are the same physical machines already captured in the 'Progressive Die Press' category with identical price/manufacturer -- their machine_length_mm/machine_width_mm/machine_power_kw/installation_factor_pct here were cross-validated against that category's clearer source images (8-11) rather than re-read from this batch's blurrier photos (images 1, 4, 7). machine_length_mm, machine_width_mm and machine_power_kw are null for 'Tandem Press - 1,500/3,000/5,000kN Press Force' because image 7 (a blurry phone photo, price-sorted so row-matched by machine_price_usd) was only confidently legible for the 7,000kN row; forcing values for the other three risked silent misreads -- recommend confirming against source if these fields matter.","Tandem Press - 1,500kN Press Force",,5.0,0.7,,,,,,0.0,,,,,,16.84,3.0,,1.0,15.63,30.0,TRUE,36.3,1.0,,10,Virtual,,200000.0,80.0,,,0.03,,,,1000.0,700.0,,,,,,,,,,,,0.0,0.0,0.0,0.0,0.0,,,,,,,,,,,,,,1.0,,,,0.0,,,,,6.0,,,0.5,1500.0,,,,,,,,,,0.0,,0.5,,,,,,,6.0,,,,,,,,,,,,0.0,,,0.0,,,1.0
Tandem Press,"Confirmed with user this table is the 'Tandem Press' process (images 2/4 labeled these rows 'Tandem Press - X,000kN Press Force'; images 6/7 read 'Standard Press' for the same rows under photo glare -- price/spec match confirmed identical rows, user selected Tandem Press as the correct name). Schuler 1150 Ton, Schuler A2/200-360, Schuler TSD 2000, and all 8 United Power SHD/SHS/THD variants are the same physical machines already captured in the 'Progressive Die Press' category with identical price/manufacturer -- their machine_length_mm/machine_width_mm/machine_power_kw/installation_factor_pct here were cross-validated against that category's clearer source images (8-11) rather than re-read from this batch's blurrier photos (images 1, 4, 7). machine_length_mm, machine_width_mm and machine_power_kw are null for 'Tandem Press - 1,500/3,000/5,000kN Press Force' because image 7 (a blurry phone photo, price-sorted so row-matched by machine_price_usd) was only confidently legible for the 7,000kN row; forcing values for the other three risked silent misreads -- recommend confirming against source if these fields matter.","Tandem Press - 3,000kN Press Force",,5.0,0.7,,,,,,0.0,,,,,,36.31,3.0,,1.0,16.49,30.0,TRUE,36.3,1.0,,10,Virtual,,500000.0,80.0,,,0.03,,,,1600.0,1200.0,,,,,,,,,,,,0.0,0.0,0.0,0.0,0.0,,,,,,,,,,,,,,1.0,,,,0.0,,,,,6.0,,,2.0,3000.0,,,,,,,,,,0.0,,0.5,,,,,,,6.0,,,,,,,,,,,,0.0,,,0.0,,,1.0
Tandem Press,"Confirmed with user this table is the 'Tandem Press' process (images 2/4 labeled these rows 'Tandem Press - X,000kN Press Force'; images 6/7 read 'Standard Press' for the same rows under photo glare -- price/spec match confirmed identical rows, user selected Tandem Press as the correct name). Schuler 1150 Ton, Schuler A2/200-360, Schuler TSD 2000, and all 8 United Power SHD/SHS/THD variants are the same physical machines already captured in the 'Progressive Die Press' category with identical price/manufacturer -- their machine_length_mm/machine_width_mm/machine_power_kw/installation_factor_pct here were cross-validated against that category's clearer source images (8-11) rather than re-read from this batch's blurrier photos (images 1, 4, 7). machine_length_mm, machine_width_mm and machine_power_kw are null for 'Tandem Press - 1,500/3,000/5,000kN Press Force' because image 7 (a blurry phone photo, price-sorted so row-matched by machine_price_usd) was only confidently legible for the 7,000kN row; forcing values for the other three risked silent misreads -- recommend confirming against source if these fields matter.","Tandem Press - 5,000kN Press Force",,5.0,0.7,,,,,,0.0,,,,,,62.2,3.0,,1.0,17.44,30.0,TRUE,36.3,1.0,,10,Virtual,,850000.0,80.0,,,0.03,,,,2000.0,1300.0,,,,,,,,,,,,0.0,0.0,0.0,0.0,0.0,,,,,,,,,,,,,,1.0,,,,0.0,,,,,6.0,,,2.8,5000.0,,,,,,,,,,0.0,,0.5,,,,,,,6.0,,,,,,,,,,,,0.0,,,0.0,,,1.0
Tandem Press,"Confirmed with user this table is the 'Tandem Press' process (images 2/4 labeled these rows 'Tandem Press - X,000kN Press Force'; images 6/7 read 'Standard Press' for the same rows under photo glare -- price/spec match confirmed identical rows, user selected Tandem Press as the correct name). Schuler 1150 Ton, Schuler A2/200-360, Schuler TSD 2000, and all 8 United Power SHD/SHS/THD variants are the same physical machines already captured in the 'Progressive Die Press' category with identical price/manufacturer -- their machine_length_mm/machine_width_mm/machine_power_kw/installation_factor_pct here were cross-validated against that category's clearer source images (8-11) rather than re-read from this batch's blurrier photos (images 1, 4, 7). machine_length_mm, machine_width_mm and machine_power_kw are null for 'Tandem Press - 1,500/3,000/5,000kN Press Force' because image 7 (a blurry phone photo, price-sorted so row-matched by machine_price_usd) was only confidently legible for the 7,000kN row; forcing values for the other three risked silent misreads -- recommend confirming against source if these fields matter.","Tandem Press - 7,000kN Press Force",,5.0,0.7,,,,,,0.0,,,,,,83.0,3.0,,1.0,22.39,30.0,TRUE,36.3,1.0,6500.0,10,Virtual,60.0,1150000.0,80.0,5130.0,,0.03,,,,3250.0,1900.0,,,,,,,,,,,,0.0,0.0,0.0,0.0,0.0,,,,,,,,,,,,,,1.0,,,,0.0,,,,,6.0,,,3.0,7000.0,,,,,,,,,,0.0,,0.5,,,,,,,6.0,,,,,,,,,,,,0.0,,,0.0,,,1.0
Tandem Press,"Confirmed with user this table is the 'Tandem Press' process (images 2/4 labeled these rows 'Tandem Press - X,000kN Press Force'; images 6/7 read 'Standard Press' for the same rows under photo glare -- price/spec match confirmed identical rows, user selected Tandem Press as the correct name). Schuler 1150 Ton, Schuler A2/200-360, Schuler TSD 2000, and all 8 United Power SHD/SHS/THD variants are the same physical machines already captured in the 'Progressive Die Press' category with identical price/manufacturer -- their machine_length_mm/machine_width_mm/machine_power_kw/installation_factor_pct here were cross-validated against that category's clearer source images (8-11) rather than re-read from this batch's blurrier photos (images 1, 4, 7). machine_length_mm, machine_width_mm and machine_power_kw are null for 'Tandem Press - 1,500/3,000/5,000kN Press Force' because image 7 (a blurry phone photo, price-sorted so row-matched by machine_price_usd) was only confidently legible for the 7,000kN row; forcing values for the other three risked silent misreads -- recommend confirming against source if these fields matter.",United Power SHD-220 Ton,,5.0,0.7,,,,,,0.0,,,,,,24.57,3.0,,1.0,16.82,20.0,FALSE,36.3,1.0,3601.72,10,USA,22.37,350000.0,80.0,3236.97,,0.03,,,,1800.86,1198.88,,,,,,,,,,,,40.0,38.0,40.0,29.0,32.0,,,,,,,,,,,,,,1.0,,,,0.0,,,,,6.0,,,4.0,4000.0,,,,,,,,,,0.0,,0.5,,,,,,,6.0,,,,,,,,,,,,0.0,,,0.0,,,1.0
Tandem Press,"Confirmed with user this table is the 'Tandem Press' process (images 2/4 labeled these rows 'Tandem Press - X,000kN Press Force'; images 6/7 read 'Standard Press' for the same rows under photo glare -- price/spec match confirmed identical rows, user selected Tandem Press as the correct name). Schuler 1150 Ton, Schuler A2/200-360, Schuler TSD 2000, and all 8 United Power SHD/SHS/THD variants are the same physical machines already captured in the 'Progressive Die Press' category with identical price/manufacturer -- their machine_length_mm/machine_width_mm/machine_power_kw/installation_factor_pct here were cross-validated against that category's clearer source images (8-11) rather than re-read from this batch's blurrier photos (images 1, 4, 7). machine_length_mm, machine_width_mm and machine_power_kw are null for 'Tandem Press - 1,500/3,000/5,000kN Press Force' because image 7 (a blurry phone photo, price-sorted so row-matched by machine_price_usd) was only confidently legible for the 7,000kN row; forcing values for the other three risked silent misreads -- recommend confirming against source if these fields matter.",United Power SHD-400 Ton,,5.0,0.7,,,,,,0.0,,,,,,44.13,3.0,,1.0,17.89,20.0,FALSE,36.3,1.0,4508.88,10,USA,37.29,636000.0,80.0,3511.2,,0.03,,,,2250.44,1300.48,,,,,,,,,,,,80.0,77.0,80.0,59.0,64.0,,,,,,,,,,,,,,1.0,,,,0.0,,,,,6.0,,,2.6,4000.0,,,,,,,,,,0.0,,0.5,,,,,,,6.0,,,,,,,,,,,,0.0,,,0.0,,,1.0
Tandem Press,"Confirmed with user this table is the 'Tandem Press' process (images 2/4 labeled these rows 'Tandem Press - X,000kN Press Force'; images 6/7 read 'Standard Press' for the same rows under photo glare -- price/spec match confirmed identical rows, user selected Tandem Press as the correct name). Schuler 1150 Ton, Schuler A2/200-360, Schuler TSD 2000, and all 8 United Power SHD/SHS/THD variants are the same physical machines already captured in the 'Progressive Die Press' category with identical price/manufacturer -- their machine_length_mm/machine_width_mm/machine_power_kw/installation_factor_pct here were cross-validated against that category's clearer source images (8-11) rather than re-read from this batch's blurrier photos (images 1, 4, 7). machine_length_mm, machine_width_mm and machine_power_kw are null for 'Tandem Press - 1,500/3,000/5,000kN Press Force' because image 7 (a blurry phone photo, price-sorted so row-matched by machine_price_usd) was only confidently legible for the 7,000kN row; forcing values for the other three risked silent misreads -- recommend confirming against source if these fields matter.",United Power SHD-666 Ton,,5.0,0.7,,,,,,0.0,,,,,,72.84,3.0,,1.0,19.03,30.0,FALSE,36.3,1.0,4998.72,10,USA,74.57,1060000.0,80.0,4053.08,,0.03,,,,2499.36,1501.14,,,,,,,,,,,,112.0,108.0,112.0,83.0,90.0,,,,,,,,,,,,,,1.0,,,,0.0,,,,,6.0,,,3.0,6636.0,,,,,,,,,,0.0,,0.5,,,,,,,6.0,,,,,,,,,,,,0.0,,,0.0,,,1.0
Tandem Press,"Confirmed with user this table is the 'Tandem Press' process (images 2/4 labeled these rows 'Tandem Press - X,000kN Press Force'; images 6/7 read 'Standard Press' for the same rows under photo glare -- price/spec match confirmed identical rows, user selected Tandem Press as the correct name). Schuler 1150 Ton, Schuler A2/200-360, Schuler TSD 2000, and all 8 United Power SHD/SHS/THD variants are the same physical machines already captured in the 'Progressive Die Press' category with identical price/manufacturer -- their machine_length_mm/machine_width_mm/machine_power_kw/installation_factor_pct here were cross-validated against that category's clearer source images (8-11) rather than re-read from this batch's blurrier photos (images 1, 4, 7). machine_length_mm, machine_width_mm and machine_power_kw are null for 'Tandem Press - 1,500/3,000/5,000kN Press Force' because image 7 (a blurry phone photo, price-sorted so row-matched by machine_price_usd) was only confidently legible for the 7,000kN row; forcing values for the other three risked silent misreads -- recommend confirming against source if these fields matter.",United Power SHS-166 Ton,,5.0,0.7,,,,,,0.0,,,,,,18.23,3.0,,1.0,15.1,20.0,FALSE,36.3,1.0,1757.5,10,USA,14.91,264000.0,80.0,2806.16,,0.03,,,,701.0,701.04,,,,,,,,,,,,31.0,30.0,31.0,23.0,25.0,,,,,,,,,,,,,,1.0,,,,0.0,,,,,6.0,,,3.0,1654.0,,,,,,,,,,0.0,,0.5,,,,,,,6.0,,,,,,,,,,,,0.0,,,0.0,,,1.0
Tandem Press,"Confirmed with user this table is the 'Tandem Press' process (images 2/4 labeled these rows 'Tandem Press - X,000kN Press Force'; images 6/7 read 'Standard Press' for the same rows under photo glare -- price/spec match confirmed identical rows, user selected Tandem Press as the correct name). Schuler 1150 Ton, Schuler A2/200-360, Schuler TSD 2000, and all 8 United Power SHD/SHS/THD variants are the same physical machines already captured in the 'Progressive Die Press' category with identical price/manufacturer -- their machine_length_mm/machine_width_mm/machine_power_kw/installation_factor_pct here were cross-validated against that category's clearer source images (8-11) rather than re-read from this batch's blurrier photos (images 1, 4, 7). machine_length_mm, machine_width_mm and machine_power_kw are null for 'Tandem Press - 1,500/3,000/5,000kN Press Force' because image 7 (a blurry phone photo, price-sorted so row-matched by machine_price_usd) was only confidently legible for the 7,000kN row; forcing values for the other three risked silent misreads -- recommend confirming against source if these fields matter.",United Power SHS-666 Ton,,5.0,0.7,,,,,,0.0,,,,,,72.84,3.0,,1.0,15.99,20.0,FALSE,36.3,1.0,3236.98,10,USA,74.57,1060000.0,80.0,4053.08,,0.03,,,,1300.48,1198.88,,,,,,,,,,,,112.0,108.0,112.0,83.0,90.0,,,,,,,,,,,,,,1.0,,,,0.0,,,,,6.0,,,2.6,6636.0,,,,,,,,,,0.0,,0.5,,,,,,,6.0,,,,,,,,,,,,0.0,,,0.0,,,1.0
Tandem Press,"Confirmed with user this table is the 'Tandem Press' process (images 2/4 labeled these rows 'Tandem Press - X,000kN Press Force'; images 6/7 read 'Standard Press' for the same rows under photo glare -- price/spec match confirmed identical rows, user selected Tandem Press as the correct name). Schuler 1150 Ton, Schuler A2/200-360, Schuler TSD 2000, and all 8 United Power SHD/SHS/THD variants are the same physical machines already captured in the 'Progressive Die Press' category with identical price/manufacturer -- their machine_length_mm/machine_width_mm/machine_power_kw/installation_factor_pct here were cross-validated against that category's clearer source images (8-11) rather than re-read from this batch's blurrier photos (images 1, 4, 7). machine_length_mm, machine_width_mm and machine_power_kw are null for 'Tandem Press - 1,500/3,000/5,000kN Press Force' because image 7 (a blurry phone photo, price-sorted so row-matched by machine_price_usd) was only confidently legible for the 7,000kN row; forcing values for the other three risked silent misreads -- recommend confirming against source if these fields matter.",United Power THD-137 High Speed,,5.0,0.7,,,,,,0.0,,,,,,17.7,3.0,,1.0,15.26,20.0,FALSE,36.3,1.0,2286.4,10,USA,29.81,218000.0,80.0,2438.4,,0.03,,,,1320.8,812.8,,,,,,,,,,,,20.0,19.0,20.0,15.0,16.0,,,,,,,,,,,,,,1.0,,,,0.0,,,,,6.0,,,0.32,1365.0,,,,,,,,,,0.0,,0.5,,,,,,,6.0,,,,,,,,,,,,0.0,,,0.0,,,1.0
Tandem Press,"Confirmed with user this table is the 'Tandem Press' process (images 2/4 labeled these rows 'Tandem Press - X,000kN Press Force'; images 6/7 read 'Standard Press' for the same rows under photo glare -- price/spec match confirmed identical rows, user selected Tandem Press as the correct name). Schuler 1150 Ton, Schuler A2/200-360, Schuler TSD 2000, and all 8 United Power SHD/SHS/THD variants are the same physical machines already captured in the 'Progressive Die Press' category with identical price/manufacturer -- their machine_length_mm/machine_width_mm/machine_power_kw/installation_factor_pct here were cross-validated against that category's clearer source images (8-11) rather than re-read from this batch's blurrier photos (images 1, 4, 7). machine_length_mm, machine_width_mm and machine_power_kw are null for 'Tandem Press - 1,500/3,000/5,000kN Press Force' because image 7 (a blurry phone photo, price-sorted so row-matched by machine_price_usd) was only confidently legible for the 7,000kN row; forcing values for the other three risked silent misreads -- recommend confirming against source if these fields matter.",United Power THD-333 High Speed,,5.0,0.7,,,,,,0.0,,,,,,38.78,3.0,,1.0,16.26,20.0,FALSE,36.3,1.0,3454.4,10,USA,44.74,529000.0,80.0,2743.2,,0.03,,,,1727.2,1016.0,,,,,,,,,,,,63.0,60.0,63.0,46.0,50.0,,,,,,,,,,,,,,1.0,,,,0.0,,,,,6.0,,,0.6,3318.0,,,,,,,,,,0.0,,0.5,,,,,,,6.0,,,,,,,,,,,,0.0,,,0.0,,,1.0
Tandem Press,"Confirmed with user this table is the 'Tandem Press' process (images 2/4 labeled these rows 'Tandem Press - X,000kN Press Force'; images 6/7 read 'Standard Press' for the same rows under photo glare -- price/spec match confirmed identical rows, user selected Tandem Press as the correct name). Schuler 1150 Ton, Schuler A2/200-360, Schuler TSD 2000, and all 8 United Power SHD/SHS/THD variants are the same physical machines already captured in the 'Progressive Die Press' category with identical price/manufacturer -- their machine_length_mm/machine_width_mm/machine_power_kw/installation_factor_pct here were cross-validated against that category's clearer source images (8-11) rather than re-read from this batch's blurrier photos (images 1, 4, 7). machine_length_mm, machine_width_mm and machine_power_kw are null for 'Tandem Press - 1,500/3,000/5,000kN Press Force' because image 7 (a blurry phone photo, price-sorted so row-matched by machine_price_usd) was only confidently legible for the 7,000kN row; forcing values for the other three risked silent misreads -- recommend confirming against source if these fields matter.",United Power THD-66 High Speed,,5.0,0.7,,,,,,0.0,,,,,,8.61,3.0,,1.0,15.1,20.0,FALSE,36.3,1.0,1757.5,10,USA,14.91,105000.0,80.0,2804.16,,0.03,,,,914.4,609.6,,,,,,,,,,,,19.0,18.0,19.0,14.0,15.0,,,,,,,,,,,,,,1.0,,,,0.0,,,,,6.0,,,0.32,658.0,,,,,,,,,,0.0,,0.5,,,,,,,6.0,,,,,,,,,,,,0.0,,,0.0,,,1.0
